address,eth_wei
0x17db98065649731e50cf0972e4bbfb33003fa022,0
0xa6b4d3f38be8ff70cccc403af33192b77e66fded,0
0x8349e1733c3a50e4b1d70d6bab84eed445f09289,0
0x37c018475d05cbdca7f9894870a5649836ea2571,0
0x3582b312e9a68b5044e0859e2b6c143089af05d9,0
0x61f7cba0a6274a7a0fed152b9d55172135dc64be,0
0xc709dd8b0f898e67e6c230c69780be72ac9a5553,0
0xab161516571cca971daf9eecf844bbca45685b29,0
0x93dbd3f29f012708e3457e7b71d0b7ca20f1b4d6,0
0x9fd9c1bc4c0161fcda9d9908bd87424cb84a352f,0
0xd7053e5d5adf9464b7d2cf82ea179b6e14543930,0
0xff6b712c8b188fac33c5060c885360ecaf8aec85,0
0x8184a9b2fd96477e2a95b6907019a10b55e8032c,0
0x2d65aabd57e1eaa9cb9bd1eed6c54d845451e595,0
0x321ff34e34a596ca74bb0eb8c3238faa3f13faf5,0
0x7fcc69f18dfc3a49695b5c54461b10457f5026c1,0
0xb5a458116a4896c764d90565f9fb53366bee1b7c,0
0xb53fee6dc10f2cf2be27cb5196ec34a18b4ec203,0
0xe17e3a1f527d76240fd2559b0f15d3c4f0d09d43,0
0xba2d35a351c232707374c8dcb265c41375e70fca,0
0x68c93be54150c1aceee395a9d5dab98afb9acf0b,0
0xdf6fc2d9d1d73deb7adf8d3315e2a69d526b6232,0
0x2226e70d4c3ef9922e664417ab31d1141e937f1f,0
0x48aa35f871538d2c5a9c90f0dcb3649fc06e3b2f,0
0x8275bfa2a38a19c57a782eff44a805fa2558a537,0
0x705c8eb992c9efbc9acffdf61831581c3d392c51,0
0x6966e5d5fab4ba9db5f2ded950ef8649d0c85104,0
0xa6527f1771f428080920cb3052f42357990cc2d5,0
0xbf3bd4d286f7d74be7e88082f66c5478a8b6e4a4,0
0x478880b8cf188b4df8d47110e5f359ac178dec1b,0
0x6cd731bab3f663b640bc77915fe601ab4781d464,0
0x0ab40cf206e9587e4c3abf9a2bf00e589415e202,0
0xfab6651b77de8d05468e673a3988a278ab050830,0
0x1c8fcb25cca3acb3e8fa69d7bb7c6dda8ff98416,0
0xdbe77e24c9bd18c3e0eac4db8596d848b06996e0,0
0xbbccf07b56e0c5336487867e54468def73054d1d,0
0xf513ee88804c55dc33f9c15f71a809b2b42ad948,0
0x24e79cc4d4d89826075f03ab642e08a5b376cef6,0
0x1e4036d328208c8d0180e9d40c8c69839025199a,0
0x1e3b0dee2662b0b5715bdeecd68a84e9612fcb27,0
0x53bd853f9493c389d7142600f4153efe3c558bb6,0
0x4820f86984ed76cbff913ce2bec45ec7f50de586,0
0xa1988b66d2ed6c8ec188e08e56c924c31752db3c,0
0x2b9aec4946766c1e46fdf40c53ce3973a5c4a62d,0
0xb30722eadb943c28224d9df980b22b47b399bbf9,0
0xf2415aff08446c087497ba7d7e581beef4109be0,0
0x55018fa7842265bd9ac1dfc3bcd0960d758a8c4a,0
0x05194efb25be48d4b6d67d54569fa41cf55dc473,0
0x9b726bb93dea890e553adfba878989b0d2392b3c,0
0xd0f0653b1578969afc4ab186e135cbcd1e4c27fc,0
0xfe3ab1a51e6a8a1703e2777bed04bfbd6266b51a,0
0xa7a92604aadce5306384d87c74f393891bfa4831,0
0x1f3ef9030bd092ce8ec266f27033524cd2730493,0
0x2ae82899937e4a815ab032c400b5b511dbbf10f4,0
0xba58a0bea0a8f047b6ec5b1cf5d993b4885602fa,0
0xb9bcb17eb177240b0a1c807966516d8cacac120c,0
0x9a329ac09e526dec54564001a22329800c557ced,0
0xa92cc733618c4d43d94713be75c6eca47708099a,0
0x7d18ad3afcbcc55e167dfd5b97d56a7fe6d512d0,0
0xe3b64e567829ea5a79ea3a569a86e1d739c79696,0
0x1fd57bb84cbe1cd40d8569403de8cf805daa4f20,0
0x324873a90dc6ae9a74e147eb8ae008d64b9c2b28,0
0x99643caca843554b8c6f629434b4b9792c96f32a,0
0x0995da1e6b5e7ff04ca20fc3e72207637c880128,0
0x131a96eefe382461e4273d9b2fa409163534c79f,0
0xe551c54507e8b5623c1102c360ff7bb7d4c19117,0
0xeedc1cdaac7ec27fcc9543cc7f2c050cae00b8d9,0
0xa1ca31fbd8e066ff5ff90e16d5907cda0bb71bef,0
0xe59bc0d5917f443272f65ef2570203a632676a27,0
0x07da2d6e7836dcf20d8cc10d11c2b11370ab9248,0
0x5b19ecba48c5b8fcb93ce8198781b87762001b2e,0
0x625754991e013b4ac5d3f5d88098f2179d9c3e19,0
0xba4fb001efb511baa1ab5fe541138fcba25df8a3,0
0xf7a806feee7c0d03d7e61ca348e92816d6e039fa,0
0x6e118159963c3f65afe9e853c1306a4f135a3297,0
0x6ca48846aaa814fbef20b372fc0795a983b1f1a3,0
0xfb7d6215b867f4c2f632d39ee7fd4938678d4a94,0
0x6bbfb0ddfafec89d005ef8eabec4cb9e6ff1b6be,0
0xa8e33db1bd31a31bf35978489ac11d12a32c53f5,0
0x3c830de8bf62b883cf95fec55b96ab1a225e2254,0
0x5e5f2674edceb4999d763be43ed1f0e3385434b9,0
0x4f5562fccb35809cb335f30b7571676aaae9befc,0
0x5e3c23c1ca6cd3d58c26681d3f4b0fb20e6dbbda,0
0xf19c018c238233fa4c94dd10917dd5be749290c6,0
0xf14c3d0ef3cb1c49e09b0e853a3f80982968e0c1,0
0xdf6e98c3248071eb44bb023e4e13c419bf00acf8,0
0x0c38b2ad2070f6624e0d4f482a5578d3dde7a1fc,0
0xf1e0a8c0a89f0eb8d6d49b05c667e629dd9b1bf6,0
0x5c1bee17e3a7c87cb01e911fc01e7884a8c1f387,0
0x1418a85eb2168f88d55520bfe5e720635afc2ca3,0
0xb80d503b95fe8e79663005ce0475e7b607ae7887,0
0xecef00667e16737e3a8d45268a3643ebcf5108d8,0
0xf2a0283556627db26deb87d466e9ed43722df6c2,0
0x3323931884719cb580c523ce8ffbaea01a7062da,0
0xd8aa7fed721f589401bd33c627d72385ffc353ac,0
0xc19294854843e0d2fbd7de636e4148a2522f36c4,0
0xbc5cc2e7d6ee2949db6e75fc03784acaa0d6bec5,0
0xb5200c55cfb8b16ed7a4d4f7eb4bb2076162b45d,0
0x442b4bcab98d3a59dcc7a17dcfd11504e35d2a18,0
0x7e5f275e4a077269a2128eb5698af216380b7d17,0
0x578f63dff024e9140ab5957e42bc236ed0dd9180,0
0x594f031f1e246ee226c3aee3ee428d0793d99276,0
0x40b968e1e78e117db09ddc7f74810fd4553c4a27,0
0x2bac9127319ada833e6649ee5bd787243132a2f3,0
0x3ebafdc31a9de71b37017631d587cbcfb7d7bc2e,0
0x83aefceb7574e5a1502fb9a7648e10bc085d9f8d,0
0xd972fa959e9154d8033179e4a5c5acdb8ef14a90,0
0x2310813afc0765151f03b6ed32ba1f3cec5ee020,0
0xdc5562f7c2d4e44f841bc4dbd0ae7a6a11ebe1da,0
0xef9c1ecf4d0aeb4bd17b661b9f658edb1305297f,0
0x84ccfa6c6d804208348398b46f198736a8584a3c,0
0x4731035fb37f137c684b5d00fac780b590851a34,0
0x05135825e4c34e96d43512e38220096a60cca274,0
0xbdbfd4c6862fcaed190a3d3973feac65d94fe1fa,0
0x146b3291b8397644d9aefaff7b1fdd9aea993824,0
0xd64cdecba35943171623d0d1d3446160f7c5e9b1,0
0xf45ad36f399de616469d0359393b5a9709a44677,0
0xbd32102b204df59672c7b37c51be5a92ab6ff0fc,0
0x2f73dce4793d854549c23f21ca074b57606ea210,0
0x018dbfc9fbd63cd5be203a71a8d4c65dded632ed,0
0x90b61836f4d2b29a90e16ed08c8a116bd386b49b,0
0xca8c0ce2e5640a42bcf55d43839ed9170678709f,0
0xe9cccf69f2ca312a57e73a1054fbb1136f089703,0
0xbca835d48edb3dbc1189b189f0cd03385ba278f4,0
0x48fcbaf9f214fcc373cef3a20e79ce01d2710f1d,0
0x15334a5196e8027142dd5aa86e7e7df8c1453b79,0
0x9e4775d38d6fd465b3f0fd037ffb2524f17720fa,0
0xef9590edb7ecd5df92f1b5531576b75d97420b25,0
0xd25faaaaa0e54d5ac75cd199e392a2f2662dc95c,0
0x3260253af64e8d5b31e0608ae4e415bbf1f9e036,0
0xf30d0d3cfed365902e057efb5865ce4bcb4acd75,0
0x7c2c8fa937a35382353bb2eec330ef62d055ef54,0
0x664c6ca2d81aa577a4117be4e20e1ff1295ff024,0
0xdf27a58416f0e434017637104fdf2d020f26632e,0
0xcc2e75ad28eb937f328677580a9f6978635bf8fe,0
0x6431ae9e88855e4caa102c35573489a1529e0575,0
0xcbcdccd6ca41a277a6d8a00360bedfef57c1892a,0
0x1e93bcdaef352b8deb6d495ff099184eea73693d,0
0xb64215f7e1e4d3e6f6c48d81d4c9b662ddb22e5d,0
0x83f3146795ce39b02c2c924233180a338358afcc,0
0x3ec1c2b30df0487becdd86c1570d1a8ac0733773,0
0xa3b9ba01edb3ccbac828b84387b5f88f9291c194,0
0x8be47c4bd1df61bdf25c029d9b0866b0ba7810bc,0
0x0aa0d4bbe4a2d56ff87fac2d542cf44705df5320,0
0x21a206b9af145958eab9022ce45cd5b0cdf39d4a,0
0xaa19410b6d3bef9d1d6bb2f0ab9f47d5cd1fdce5,0
0xbed540cd4db6a749a464c6f5382e60358075b5ae,0
0xcba32e467b21a550d29f98d3d8b2b396a93a0272,0
0xdaa66fe36de2ff8536908b922b86d1f8f1166373,0
0x6d9dc47c1be2d865fd694577d26ea93fc82bdd4c,0
0x883506f878b04d94f9b6978ca8f0ff4cd23fc46b,0
0x95b8c225d3ec4d2d0965148181e99592d431d1b6,0
0x50222a73ba24aaf1a98b3219c5c95f44eafeaac6,0
0xe4899b60f85a0a49bedb26b02c8feed2e2cd2d29,0
0xd794c7a8111beb3807356873b2dc695e6af78816,0
0xbc7caf02e756d56f7abe68683af8ab7ca375e590,0
0x6d58cde9a3f7266f1ccba5bc964ddd028c8d6ced,0
0xf40a85cf09136098c2fb8dfc26840d9f643f41fc,0
0xb9985cab5d4d08c962479f59967aa9139c7f46c1,0
0x681805f9fbdf7bc9639f8145013bb35df56d66f6,0
0xf17235bf11fe929a9363e3474914de3bbf21562a,0
0x58cd60d0bd375255b2a6199dcf4a75a77a0cc72b,0
0xeb35c30efb144090b7a30ca1d89c6762fcdbaad7,0
0xeddbee65ce4dc534886a6c0d79ef79a7049b8dab,0
0x229257f36a77bcc94793e7f5e30b77b2e7f67d4a,0
0x88a5a44b280c60df529429be531cc4bab7c0c32b,0
0xf1422db039862ffb271b60f65e9c792e6a83d58b,0
0xd02eebd3fc9a3666bbf2752a037100ad8c895917,0
0xf69dbc7a2506f1ece3e8484f660bedc1cdd6d584,0
0x025981bd151e8132ebd4f9219f33c8843db4c747,0
0x200c8f536fb472bb75bfe62cdf286bc7d426502f,0
0x560134d27c28a051d071aed7e8220f6aed089775,0
0xa59f8815056784b99797499e61e57d4a1afe405a,0
0x8e5dcec6fb69bacb0e9d6d8749d85c20f4653a9f,0
0x483de8b96ea2b081a64abb34044f57fdcd5a910e,0
0xd73459efe78254a7d89a1f91f0149b7c3d728020,0
0x95486a0f3273c4e5055a23889bb24881933ca922,0
0x7ef8f226b6e012b9ea2e0f9972c7ab0d3bb36c45,0
0xc97d18388ec6dc2d1cf45eebb155a8475fd03e63,0
0x20e8d1c439c8b29ac75db85446de757916d72880,0
0x8c77a16b23be890c36f686d8980a3da8cc66d3f2,0
0x5d7527e5e57549f535113f56d3b15095a0480b89,0
0x7ad4801616f02eaf08d381516295895584df95c0,0
0xf271dfadb442bb919ee252cdcecf93dbf8a7f001,0
0xf33ca6e963ab849a7277f6a9dc50b9d22d9683bb,0
0xf116c04a7e1bf8db2bb6ebd132d1017ef922281a,0
0xc7961886b7102801c4f887d6111ed2174cb510a7,0
0xe99cc5360cae2db531fa6861c80d36806c1666a0,0
0x4c34466d4aaf8d0786130cf946a8e22eab7ba321,0
0xe93e7db8662ce50345c30eb73cff75b8c6092017,0
0x2a718a6801cd2f4d7cdbdcc33aa6b74ed1802b91,0
0xce238e50a03350ebebaefcb6643a2586d96b3033,0
0x9841cf2d3a7e780f73aa53f46d1bf3202815ce58,0
0xd6cd290b9571ad6a25a7d58a3ad727fff7f0eb7b,0
0x0a4b34ffed89bc9dae40b52ca0fc0612f5dbef22,0
0x44816d0f92fc3e0c51eb0bef56400448e936855d,0
0xc5ab3ff6339cf73294608337bbbeeffe3d5ce111,0
0xf3f2d0dc6cf96a908f974bdc7691dd2a6a493624,0
0xbbd912f2c1f0d4c8fbf4079d104f21e7613dd8fc,0
0x65ca3d4c96e032befce6a9360e16a1661cd21779,0
0xf5b0cfc2be8dade230a28b2f2aab356e2bcb14dd,0
0x7c3a95c25df876650c6ae5983bcfdffc19544d92,0
0x8e27890091e114b97f79eafbb78e8563a5d6d020,0
0x955d85760f185edafa308547ec7693f31d1d7958,0
0xd9f1fae79d9d6f0efa0096a9dda8c4e482b1dda1,0
0x437832106572f3a2e98367d60fc0f0890abe5c08,0
0x0abd72c5c98243864a2abea78060f5e963ce2d4f,0
0x7bfe30e9f56c6c5cdac78266c91b90eee1473eb8,0
0x834d2cc7a6b1dc463dd592c5c7294bfe3b0b0ddb,0
0x262c66b41786de87c0fb37826c94356881d97a59,0
0xe323d47f086a6bbbedf2d428604a081e87b926f1,0
0x55a74c390dac79a25d893f807d83da844c4ce07f,0
0x4f10cbb7cd74bbc6423b39e42fe9c9c94a4dc5ec,0
0xf77a5beb5447324c438b330e0984581869033c57,0
0x9cba0b90f8824e6c3bca3198a2b4d86467a4b539,0
0x0e3b7db2dbf24319f19c24f9d2251ecb40c499d4,0
0xcc14889526367f40f15a289fd31fd79da06a0e6c,0
0x79a5b0ff20f01fea2f4f12bb7f01330965f8f747,0
0x3ff2a42f4ef3170b96b0dc3a1151eb6edfea096c,0
0x7ac95f013e72af259e68ac0c8e5858e5ba906b07,0
0x7479e88a50e2b6df44a4b8983c23c49cfb39f7e3,0
0x22039a699e18c0f5246a00e0998fc752a8f8ac7a,0
0x0d856573109fe0bb4d2621c6f2f60d3ab66631ca,0
0x0a4d72618d8f60207dc05f8c830df6c1d1b79b12,0
0x89e51070c6320ff749c4088d6d0d1cad6187b730,0
0x8d6677c770ed8e79b949ad0c20d692cdd7f364d2,0
0x140133476456f2a08a8eb321945d6183eee51973,0
0x4fa80a69c2e204ff87fc3c438f6512c3ff512760,0
0xff022ac713c67ffd11d438bd1a4d0f620e9d9b85,0
0x5374c5c36dc3f266f6ee08c3962c729644aae088,0
0x12fb0d5d027c43170cef817fc9cf5c65163a84ec,0
0xd866c10d5fb9c4cbafde5bdee1e364c31c1c54fb,0
0xeb9ec45453a987bc4ed85faf7e2c98b9a40a3b04,0
0x9f55d4c63b2471bcc48f476f68ba23b35afc964b,0
0xce61a34d0edc32881d51a3f3185eb2d7c04d0ae0,0
0x92fb39078d45dba5e11c8ea0ef4f140a6c4fcf46,0
0x97eaf2dd1adbb9c824c9021892784337d4b7fc0f,0
0xd9ff5fe1da618261bfa89a2a8aae4b8b44a66399,0
0x86ec7df7e6026197d03a078bc7c005ea23a48659,0
0xb00b9a7abf26a81b4a096b8d36f289f972ac3423,0
0xf19a55f012cc36c64da48961b5a034e3babfdf91,0
0x0964911448b227f11e9f66318cf90b91d5809732,0
0x378cd8bdffe1f281c7e5354bed97ae970ebfc56a,0
0x9c81a256c109518e48b2d8d1e087e519097393ba,0
0x791da0245e9071b786d796e58fee7943c9ce6e8f,0
0xca05ca34de06e37fbe09a3d380d499290caf11ae,0
0x3d8b0f8c19e49644fcea63fe785c2f4811534238,0
0x06870ee93b1397e7f9656af7bc76ff7bdc4ceda8,0
0xd8970619671151d3f6290cbbd4f6a0472b26c539,0
0x6f630668fd1db536fef42c05b864c9cc1a22258d,0
0x0ce0819025fec4a87569c229bd26a99d12f1aec9,0
0xef85f814732aa88908a669bb2af7b6186a1f6836,0
0x7b70425d04b6acc9b540bc8724ebebe433147829,0
0xa3a328a47537571701ace65fd9d3436d925a2cf2,0
0x493f6a1a58e4316af05e953148e75382e3f98a0d,0
0x8b664f0dfa75fd215a5cdd723eff0dd800572741,0
0xb45de0fa9860cf0b10244ec4d6f705ff4ba0ee2e,0
0xfeae2f29b967f9adebda012c8ae77f485d6319f5,0
0x662c078954bb16701143a7bb9c0155ee30355436,0
0x24088592766146ad61708b18bed5c2bf7c2adf71,0
0x417c8c19114daaaf02d3f65a7f89db71a4da70e9,0
0x0637f8373331fc761d6e453a59d0971c086c1e85,0
0xd4c3c0f23a7c44f9a4b570ecc5aec3f0546354a6,0
0xe98266aee760be6be075ce4b2a1b968bc2bde12b,0
0x71921b206db86124a0c32f0ccd7b296536036bf7,0
0x389aa5b68947c4cb14ec0110852a5da3b0e1ac8d,0
0x4cf598fdb4cec7c221247cb3be8a7921d1566e08,0
0x174983a4315a59dfdbdace333ece9a3f466f3841,0
0x443ba403f8792e56746465fdf4c82d1179f60e40,0
0x3528c65554d1d68cc38b3f92afd0cd04b42600d4,0
0x1707b00dc4e27a6ab00d8b1f56a65abb5ef0a7ea,0
0x455b540e1018ad4abd2047a346615203a74a3a86,0
0x7922ea99ae394ecd3bd97cca83c7c8d5fcab3573,0
0x2926765b093a04795a161c0e28f530f7d66ac992,0
0x93fd026f8edb1d21edd8b641dd00b5c2dcbe548d,0
0x0454aeb7165a67c3695c22561ddea45652839220,0
0x9fb2141082c92b1dc2a4a9ece6737b48e19119f9,0
0xe2dd16ee887bd9c8c59edb82162a6f4b884f6c9b,0
0x458b5ffb42979e533820e1c662bf525240bfad7e,0
0x385cbbd0ce25681e703206b243d2b662ce698893,0
0xa117614654801f1fbc813ead1b70719c2b5ac840,0
0x7f6b0d12b5692e98ca1eda27cd288300ae085cfb,0
0x27d15ef0e883e56d0f0d1c63c125a465ac15d3a7,0
0x51844a5547fe085b9c48ceb79885760dc77d4a43,0
0xf62b0e5cafb74c9b48a5d438ff6967f141833f93,0
0x47b8b8da7f1a64b4f45c9c9e568ba07df5ba6175,0
0x8f1f0e11ed4c5c07d4b9276cc6b89a5dc8f6cc20,0
0x0d6bc9bfec0d6c9fce63290def27deff7a1454ad,0
0xbb5d485cfd079b743c063c480f71fb7a7d9c656a,0
0x076b1d6753574ed3319230887c855687fb26ec4f,0
0x9c12f9b7e287de6df994e70e758b1bab0e9e080f,0
0x2c934ce168f258c1f6adefe9ccb333840b9ff7dd,0
0x9f5026a31ddada3cbb7aa82b3984d872eccced3e,0
0x82e43700e2a1578f4d0fe5bd61de3f3d199c5334,0
0x5a9e4ee08be6a621112b865f5f072457bd8037a1,0
0xd12f284833e3c8b3f5f8fa5b3c808ce58d7b581a,0
0x823abaabb2026fa73161202938b38582429bd98c,0
0x7924aa4d5ab54accbdaa5d47b38d9cdbf9124c19,0
0x0b51244e7a3e183220a363e6fc69b43974bc74dc,0
0x0276ddf32901b5e2648bd6abc42f28cea31fe701,0
0x13a610645a85d170b1a107db72e0b07b64a86a44,0
0x25fd3f6354bc58b73d9310271ecc387b6d0c580e,0
0x41b948fdde338c7945f445b94dcea8923dd11171,0
0x4e42c79850d61ece29286a5cf32e3f64bcb50011,0
0xc229a3f70d84b3dd8124ad063338fe64cd4f65ad,0
0xb2260630810d194e45e238ce440a1ed70bf793a5,0
0xf0fc4f9309424a2fc5df0ebd6ce7f3e33e1f5812,0
0xc26085b26db5c732071a0959cc0f04801be4fe47,0
0xbbb5eb9a4d811fbe913b291a9fdb495964bf3254,0
0xfad9250706323b341f6bf51dfdfe8ac4e39c0576,0
0xef9a78c74c276761a6c1fece9dfb56605413eb82,0
0x6e6182181bce4c7c2d8e6d4d18cb646d710bada1,0
0xb92803acd8414940d999cf7c08a61a3ea446c221,0
0xb928590f9bf3f6a838bde3109b0ec83b6383b8df,0
0x667bb5febe642bc46948f777ad0bd8af5a4562c2,0
0x41e8abc4dbfbd6f6ea1f73a9d7fcda0f71b7b44f,0
0x91da48529e54d87b9c8cfed7e390a0ef39cf7a7c,0
0x17a5743a80597757ebac3c365399b7ca526c5f14,0
0xdf5900213e2c82e8db1becf9169ce5e32e617887,0
0x3f20d6a80ed3d8b26bd3f53fc25fd36b0f7d74c2,0
0xe20847bbcb55721f086e37d65eb0543cb641c8e1,0
0xcf432ff911cd3be96ae06d1251e60eb7686aa29f,0
0x7d67e6cfacd552c2914ff6a0b330683714cbe10e,0
0x99e9e52f6dd7074dc42e43915fa999ab20098cbc,0
0x8e7b7b589fc4100fa7890624e25d6307880c93c8,0
0x1a48b1d567a3fe4f7034094a203fcf7ef8d09540,0
0x35ccb5b8463cd5a0031e54e512e03b30ffe5d9c3,0
0xe78bc72b43a9a852f7a69187d42c332dc0642d2c,0
0x6ba1f9c33d49f1f372f92f7f4dd23d6cab6fd5d8,0
0x3c790d5c3b3dbe2a00f91da65e84c424c567c4ab,0
0xf1aa25eb4b8cb8c67937c07eeff41cf56df0e452,0
0x372b0064c5e955b0ca977f67da46f96cdc1970bb,0
0x824945dd6065162ddceed476868c70f25fbae5fb,0
0xb201300170eead320ef521bffac14bbf576400cf,0
0x7dcbc6223a6f93c1ffaca6f43f884573acc7fd1a,0
0xf10fd1bcff1ba762a62f3a54f6bac8f596535abc,0
0x77c328edd1c32a530a1b0ef2dbe983e180321ddc,0
0xe96093189e2e4712b5c5d6c70c269c859a475457,0
0xfb17067fbba406ff569ffede600697b9b7950631,0
0x3c554bda7edb4c0b35881fefa0cff0b36ef8430c,0
0x17789253f4651f9654e6cec5d242cd25a2135394,0
0xe7b5f1bd00c254bb3873e770051706b992a27712,0
0xba42de9c203ca037f8b56fbc490817f28a84eb60,0
0x062bcf657c2779ff7fe7b32abc4f7573abcf6189,0
0x55d734dc74f08f9f9042972874644d0fbf6d9fff,0
0x542e7607e606727ae4618ccb9158d8d2505ef535,0
0xb8e7405a45ae8e5b7c30831f3f6a5046004dc94a,0
0x2a152c5460bbb68bf29f26eef5314c8699e36d0c,0
0x977209e0d9990fc71da98f1cf1315a438c880340,0
0x8e128c5bd316750311239fb893178da964714149,0
0x880c705116c2e7c2769f1d872c1577e4930ee510,0
0x927132ff200315ef2029d63095a9b0d347dae346,0
0xfb15810c9dff2817fbf8a8a113589f91f6e8495c,0
0x9e331f6563070a030fd9aff71b29aaeec2500b06,0
0xb7abde00234cd6ba0a7329e6f80ef4566a16c1b7,0
0xa135b22f8f4d82b39635e727f9f093b28573bcd5,0
0x3409b993c9d380888713f22925d3dc8ce4100cd3,0
0x0537efd693d29191fff8ee2dc63b8681d9410ea8,0
0x54baa829c95056961fbd37d0abb6122e5ebef51a,0
0x6425d5ecba4f3124d51d8884817e6c45c7573d59,0
0xb8129340af95e7dcb9bbdca195330260eb7481c4,0
0xc187b0df1f99e0638c8a78ae69567d01bce7dd3c,0
0x7ffbd9d102f5cd4559659410212e72f80aec61e1,0
0x5b902692fd7c6b2898e896395af1c77cbec222a5,0
0x008d7b6e9d71841f5a1184721d6a1e682588ddc9,0
0xf5cbb66760e9df60317d7b3f5e2e536af97d698f,0
0x6c3391f9bf84be05bea7498654a645c7d5545332,0
0xeeb5b949f17c92c4bd399a23d04f0406e09f3c3c,0
0x737a9ae4e153389356aebb61470fe20a80c76f22,0
0x6d0511aead32a4a5ec9ab3146e34bea438751f95,0
0x1c62dcbd6c4b886cfdeb86d0d90d9a80cbed9782,0
0x0a3d18a1cf510bff783c38f8c458b737b0a1b91d,0
0x7728512bf533b43869c2ae09b72bc1c87439eba9,0
0xc22e73e37df71ac8b13b3aa8648bf47ebd0b2f86,0
0xf3d4a70b24e383cc4921d0866d9f589f0df676b2,0
0x5eef261add6df6ed9140235beac0075a7dfa7901,0
0xd710fe8488a4bd75373333090760afb080b43ad1,0
0x6b886e0ea65a4fae9db93e87cd3ec69af99cf3d0,0
0xa2b0cdaca3e8712d897874c02ce444b8d91af2d5,0
0x47e0a2ab48740e21461f7281c652eff85a31fddf,0
0xb3d9ab938e65467dffa4e54bb8bc1a3ef23125cf,0
0x21401212ff7d59f7e26db0952e24724a13331f38,0
0x213ebc847cd40b547c08be01102ce427b3f67c12,0
0x074026d26a37a6f9ec5ec52a6b6c0dc1a1d406dd,0
0x9a2e099875c3b1404d90f51c98effae027d7b08e,0
0x31c412c8959fde3100eca62151d1933dd9f6b7a0,0
0x33bfe3202aa26f6b8f5445d697afcab26c522f68,0
0xc2a9b5ecf1285c6fb5996faff1930bbb405f1554,0
0x26fe8215636fd5d124139c10a076f97c1292e1be,0
0x972b143224ab63a0da11cb60440b8f1843d74176,0
0x30140a93f6462ab0917bd2419994ddeb8b84fa39,0
0xd45c333be28cea224e12c138e4c470abd2145a91,0
0x8cec8e102b7b18d0ad58bb3601dade3480a617ee,0
0x151a1ffe92df6b639dc2dfc28b193585ea32b71c,0
0xae6581c3534b57d503ac18c26e54f787305b634e,0
0x8e10420b457653b7170ce2d5355254146301c9c5,0
0x68bd9ba0658e5be4bbc4d7c8c4accfcfefee7f50,0
0x1c027b5bb305c13839ac4dd3960fede95d2f5343,0
0x72537ce58cf6c5992c2f58e9b06cea17c32b1f26,0
0x99e189071463c56e8b6f33e12ce0339d9ea31324,0
0x5323b1029b3431b8b1cc05f9b77f7e38de3c1ee4,0
0xe5923d7eb17725f17fa0d338509e2b7efcbaca42,0
0x65be079fef6330aafcb1b1ee3a0bd7250b42aded,0
0xff27e8dfa081bf626b39c64b64604fce4299a330,0
0xc18e03b03273bb4befc21ac795ceca5285710cb1,0
0xd50bf7a7a1aa4fad04ade28964191c6ba60008ec,0
0xd1499f449126d5a9eb9b90d847b83372685dfb0e,0
0x9369fb921c89a7a14ac1b2dc357f66e63c75bb59,0
0x2eb054524990c75c5de60970e7c3c065ee669b9f,0
0xb8f7d2668805cbf3512b52ea82ef8cfe6b9af7f4,0
0xbb92b17986832ec6cc0f6a6c42fe25871f369220,0
0x3a1dbcfe91e04faa1a40ef232ca1dbd5c451ebbf,0
0xd23352b7f62ecdfdebb9964e6c65a9ae15d81312,0
0x304421e21178020096dd581016348e07b69cfb92,0
0xa6af14c92a3cf20cbcef5a1566b9025ced1f323e,0
0x2da8e9b0086c92d35f2472b72fa0cc51df9a8fce,0
0xa28f51703729f2f35f69513eed9d29b0fe1397ef,0
0xa9da1d0589fc46335130a71801676c303bfb5a4b,0
0x602949e96df092c72e5e86c392177194f5cdfac4,0
0x6804f3d8ca200fad97332f952f7d03b6771069ca,0
0xc134578251368f6df603872e0fa9c01d877f8411,0
0x0e20365e9c32a5fe8f41b27831eae95d612961d6,0
0x2ca1ca9f1999207db6ecfab0a183c57453fcfe4d,0
0x6cef4bad03783843f8b9d7af2820ac589a5a6193,0
0x949adf40682f3aee757bec620eafef91990f50b9,0
0x6f53ff1af8a851ee2ade62233ee3cc152f910346,0
0x011a4cc7f7f51fe6d49e31c3b8f082b2f689bbde,0
0x95bdc9a7787dd3b54ba5bcf7b6d49cbf6abd401b,0
0x714edf22e2c896fa2e7d52b1b7f229a8e9a130ea,0
0x9295a22301d0b37ae1dbe8759708e00b4090ef70,0
0x9063978a4dd44c2490347e17dcb1a74f5268a9af,0
0x5399307dd22591d22e241ce188fd69d67fb5079d,0
0x0aef3cd687a89bb2ff97bb9b81b0f33dd85799c5,0
0xd3a27208b120b5de3af3ec127ea2ad074129f4ef,0
0x8da6d8b18ef42e55a4c18833ce251105a8253ba5,0
0x10bce9425f317fbba9f1736648b39509163d93c7,0
0x413187292aa86c4f84b73995ef0e4e4e1bb45c07,0
0x86d882e8486b2705f159216fa07089debcee59f7,0
0xbc3ed21d814b2110360fe1cc56506cf9d99ac799,0
0x587d7fb59c869b5b70902603438c3c1603cb52db,0
0x69516ad002a5f1c650d6c3ae1c37d8610264967e,0
0x4756ea0fa194b59a79d7ad198dc493cb3ad57de2,0
0x72db30704c97432a2064865d2340c131679b1e75,0
0xc093f3261a8b97de01b17834747572a002486f1c,0
0x1d2e262215a856268935a2e63c35f21cd8234eb5,0
0x1de5e6dc9cce171c398a79434e4d66befbf3b6c9,0
0x7c741017898b0562684b37931022b961e8b808ed,0
0x2b5f8c3e48819cf18a40d03f822eafc6df7535b0,0
0x80ac09a22f5629c2320d903e7920da029f311a07,0
0xd08d151352e6d2854135e752f670a9b4b08e6ffc,0
0xa21232df37cad3ab535bdcf8fc70c7e4c2042489,0
0x428e4422db9d31447d469c6e3550dde8b76358d7,0
0x96e9a47cc0b7353514528dcd18d1f2afba001ba1,0
0xf28dbbe6932106fd04804b240f6f3597a5e4ea19,0
0x9ec236a4c3a0741c5ad76e884d885532fce902f2,0
0xe315d748d39d1527d48f7febea833bb5653cec56,0
0x49c15df70ee092a04673f914096f7af36630c950,0
0x313e5a8bff068d71dcf19ced82181d92ec3968ea,0
0x985b58c976c692d88c8726da462cf2abb9035d78,0
0x910ca3f6ba94ad4cff15f76561976f81258adaaf,0
0x7e44ccb4c9ecc5b8def895522ce5a3f9ffa69b41,0
0x4f66e1cd8506647d2f9942e049222db376f68b75,0
0x4efddfffd0c8056896079b245d16efe961f99514,0
0x22d305a6faa3eed3310303bd33f51910b1fb143a,0
0x469cfcd264b4ba7f9f50c9ceade3fec675c51dae,0
0x18cff2a4fb2b0eb35224b57af51f8b7f28b04efe,0
0x1a381025a4f8962db90289ec9e0dca55a972a24f,0
0xc01cf2d31913d64d815b7022b03ddb33aefb708b,0
0x10ecafbc46b5b61d211594d18c5bd644b365895b,0
0xd4fb6ee06cbb659254104985ef625e0d50815892,0
0x506770a9ce1ccdb9a5cbc75c04bcaaaa1986aa34,0
0x1e283733166bfc1564307d8a5538757d4c814450,0
0x9747b0939092e829ba63316da4c0ff8960c74744,0
0x064c02f8431b07e204af9d0642ada1be5fb62fa7,0
0xfb956e031e420bbaa5eaf2ebcf0577b49eab560b,0
0xce995b46615e36ff7f0eca729ab7dcec95e76f3e,0
0xebd077c9c85d5db2068592abb51b1a5016fcfa34,0
0xc34c233bd5b119138cb0f51d2df5c00aecd74b0a,0
0x6a9be82ec38d3d586cfa0ba91f36ba436b809398,0
0xb52b19a0294f78829f2003823dd255d8e621f65c,0
0xb70bde4b10c784e3f92e9081bb13b027f6785cea,0
0x28803ddc49204645348ec902738b673a673b60f1,0
0xf80679ef3508cc3a9f0a6b31c38628cda5165bb2,0
0x92831569abde06cbdc6efd18118d94b2807f25e2,0
0x4e0cc027d30e8cad2b63f4677e0a786f8a6bffec,0
0x8b798deac5653e032d9b15e0defd19db42b169e0,0
0x30ec66e6076c35ccdf0256775bb4c790e80a85cf,0
0x2a6d7430bd49699e8bfd73461c71051086ed1829,0
0x96cfbd05284cf1469d051322274c9385223fb0d3,0
0x4f722a6008dada76fd29d8a16f9769d8bb7c949f,0
0x89662ba48108db791be0a93691e9908b03c22ab6,0
0x4d0783e987544a67d807b4d7df215c31af0cbe02,0
0x9258c974a89566f13cc6716562bab098d430629a,0
0x9935273bd0362035329496393177b2c6ee214e76,0
0xa7aeb8f36c9360c44f40c16ef4f5498166f860f4,0
0xf2472cbcbb59bd01fc62f4bab132f89dbf09e07c,0
0xd6b6c1bebe5cd943ba5266567bcc2a331317f386,0
0x0a957272526171e1be0e18a642c153b94d6b3ac0,0
0xca9b9dd93ed43c6a43e0c1316367ad2101063499,0
0xaaa42035a34b84786dad57b2dbbb3fcc3094acdc,0
0x90492ba21dff73c1cfbe0e04e7dbcf98ba2d7b58,0
0x07823b79419bf70ca9e9ae9671d6cf899d6b3331,0
0x469eef8be52ea51bafe5d6ed4058ac39ce5313ca,0
0xc57448109e82cd2c9651b7541296b4df28d9adfe,0
0xea5330238c958de3c9fab0f8608bdda6b9782189,0
0x115cffa928240d8ea82da2d235cd64d25734413b,0
0x679c70db2fed22e124a3e70a850dc81dcf4af4bd,0
0x5c5ab333b1fd5065fd7021e852add2b8de7d97a9,0
0x8fbc2247f2ead1b5742646e07513beb24a6ecfd1,0
0xfb36eecb2b4be614731a260cb73bb8dc2fc70a8f,0
0x16ebe2e65cfcc88964502b25bcb68b1568440eac,0
0x8c42dda2564eeac51374418715261a3e95adbdea,0
0xb30d0af89763346a25a4e9a8235c512aa2bb422b,0
0xa1c5c5bfd34f420594d3ce4f8c7945664f2808e5,0
0x419e508ee752dca374b8aac0a7af1b186624f58f,0
0xb8e67b4e52b3f50b0f57cd5671a764e3fd3185d8,0
0xb6755311134b66d385697d9d43794285467441aa,0
0xa5af6e39317d3fad2c8d0df119415f67f4336ba1,0
0xc6675395684c4d913f100ebbe2c9d78f383ad967,0
0x940dd3ded6883a5ff427a891f8f99f5e5eb19b6a,0
0x74b599f6ad9c56ca5a85372472c1bec3375b3544,0
0x59c7e58e305cf35a0678e5ccf1038ec3d0c3430f,0
0xfc66f7270a2ace0e4c581d54089087ffd29ead87,0
0x0c1d99def5e5e9fb8b3253381f0c16e43f391aaf,0
0xd9aca029c2e3f97d1bac5f1b600500f3fe8d8a83,0
0x759ac14543a196387febc29ea32d3c923489a68a,0
0x404d8e2a11f5d184975dba5f1ec39bf7b4f110ae,0
0x8005e36b597eb13aa6f77260460e25fa01abe12c,0
0xb0e330afe5edb460de2ff892b5599f793fca0b12,0
0x1d64f06e29c093d681a2ead9da9dba945e68853d,0
0x825065fe3f97ae8bf982e5ab9016c56f2615eb8d,0
0xe40237d09965b6cdbd407932e7496c251734edb4,0
0xabb1f8cd6c283af224a81a8431d5f70a97321431,0
0x0a114c0be2bcf6d650cdad5548732a2338967a5d,0
0xbf8fb91e1505c6c58816fd9b2ffca533162aae3b,0
0x5f77beca478d6b3dabf496fa75f0072487aa72fb,0
0x8f61d2f4a33996d60b265acd630ae6d5ab01534d,0
0xce7faaf934bf632e4d7740216290eba463fcb58f,0
0x1d069ab937bd92b781b3af9543aae7101ea1c87e,0
0xdf7ec081f3b2e238640708b29bc62d559dfe7844,0
0x26efbcafa057a1f5c16377edba91096676ef379d,0
0xaeede8e1b69a8a44cec90214ce331d93b10ad3e4,0
0xa0e939c94b8220ba28f291801907e27dea612796,0
0xfe5d6f21a9c68e9e813deb79c5a333a2b5c4da9b,0
0x500d19767c236c7460ab339153ffd6d5f364420e,0
0xfc088317c2a81650aedc0bf03a0e4f086a41b986,0
0x5ec9fcce517635d16a21be79b9e29264caf723f2,0
0xb3edb9af649b8de5ad6e220dff301e9ca1851b94,0
0x7985b44574a4c166f34647bc48a406d19d6a2aec,0
0xbd373d7833a086efe92fbf740b5056aaa4c1d952,0
0xff6edb4bb8b0606e0b6d8e683693e0b09d6109bb,0
0xe2539be1aa8bf60535a6afe571481a8a048d1a10,0
0x13d554cad0d2f45e84f9dbb99ceecc44e1fc6f4a,0
0xe3ae53879add0bf3b2ee71f397eace6f57d30a14,0
0x50def250ce3eae8405483c8164fa66069c73a961,0
0xdaddc3c05ebe2ae0c22ca4fed283651e409b635a,0
0xb93d32c57abd2340d6bbd14968b7cfa8359a209f,0
0xf4e6486c448369030cf2374c687175a7b888d35b,0
0x3b8586c04023a197a5432d4dff77815c8f51031b,0
0x0a7c528ff9755a323b406deee2d5d9479a215b76,0
0x21c334279e6cfdfe0b21a6f1e726d82bc136ff6d,0
0x0d448e60fd961486a5ce2de44c69129654dfd14e,0
0x38af24ed79c9a27a4c89edbd61adcb3c1a12cb34,0
0x16c8968c8932e2837967a9249cdf8cb58c57a91e,0
0x6364c49dbee0f3c9eb6aa4b5f856cd035de3c934,0
0xa3aa5ede436dae194a2414460861e3c42d8a6842,0
0xe6a61a9292ee8d37fcf887ab3b39accbf49183a5,0
0x8140aed76819fa3f49e180bead06d727ab4dda4b,0
0x1139113964a7e5db7ea629909e2687be8feba9cc,0
0x547194f601547185d542a2fb27d40136e9f76424,0
0x0769c67f441a00f2b7e6b5039dd684e70388fb5b,0
0xbd45481a35e5d528ad34204c7baa0ed8f5eca8c6,0
0x8a6a7c65a4e0d84c0e34436e51342d36f3f6979b,0
0x026714f58f424c4b58384be37bee206652f07093,0
0x746b67467dd654ee25b9bc8f920378756e5b21cb,0
0x07b172cac2ff3b838bb48a717dbd619a136f04d6,0
0xb02317ec9c24693a804a549aa676f752df2418b5,0
0x057d1f8f71ec40f8369188c95810b97deee5adc9,0
0xaaff018403840623fd913ed4701c6c9519e7f727,0
0x1f4e80780c48014b6797dc29645fac4fcbdb586f,0
0x49b80413cb85c987679db465752a383b064ad629,0
0x1d7fa5645ed8165ab5fa8481fb6240b1d492b192,0
0xc5400cd058432b83e89d149a4ec22d3083be80f6,0
0x5048512ba24c41d6dd7f0060c656fc1c886da28d,0
0x52f11497adb443279eaec669a635d13e07874db5,0
0x85596d8cf24fe186deb9d396cab142f01b93b49f,0
0x4909fa4cd59270a6b045f2c378623f7e8075dac8,0
0x532c211e51a06efb13dfd28af2a6a4cf933eb7f8,0
0x1cf224c0ccdc3193d9c2914b611df968269a6e9f,0
0xdbbaa5ce8dad3d8ee4923e055d448877c9edbddc,0
0x53fcf7a75b295592a8e16f6677980325c6e92406,0
0x1d8b325fdbc508f27cfb08abeac03f924f3952ff,0
0xd77817089af1d740528e69575d360866ebb93264,0
0x4d2573b1840f8b93ec841f1e472ba7573825f649,0
0xa3c469d8bd6290f45e36fb624c3a4acdd61d9f4d,0
0x24a26d8de86c9d79862432cab8e96816f3c3bd09,0
0xb4197415c4d52b9e400f87c1078b6f95af23fda7,0
0x2ef6c85a02d7ac9638c2a3a725b5df4eb3a69bd6,0
0x1ec61ec2e7174ef281ff4b3f762a4ef52b2d30ef,0
0x6a0ff363a924541cec444bded885ffe0f4558a9c,0
0x06de7d52c11d79043f7ebef24d24b59fc1e804e2,0
0x5b4c853c5b7ee39b3a9126aa1f39a2873d8168d0,0
0xd5c6ec5feec4a3a130e39cfd894809c595ac1e5b,0
0x259364b6144582fa70062d534cdad9dc9cd52cd7,0
0x191b8a1d46031d545a216839d4e94c2572367b4c,0
0x6e1fb5116116e0234d8e28804de0f0849ceaac16,0
0x96d5edb0b8483162ae5cec3ef682659aeedf44cc,0
0x4924a52734390e12b8b54e1713dfeece082974a2,0
0x6780162d05dce5826ea7ef5a9359fc13772016c7,0
0x74c1c5c112216f04ed95347f05c7bc4de1da9347,0
0x8f66da2b0ac1b6410dacb6b84c5c5ecf1101d5a4,0
0xcc940b20037d325ebc70e4682e5f0c5537d70b45,0
0x3e649143c16e7c673be11412dd85e98c58abfda5,0
0x9a7cd0735f5a0a39292bb9b91d2e73bfccceee4f,0
0x6a0583bb156625fbb75b159a72ec540aff1f0746,0
0x9f0d34940d7169df96e4f6308153fbdee9223f75,0
0x9e2270661270f447e0f9a5dc49ef069412633353,0
0xa4d1e09bee0292949becc2f06d0bba0d0ad3c6cf,0
0xae899200259d653e9ce0214bcc453f1f309e4dd3,0
0x0014dc8091149c582f619fce635e1b389fb67fde,0
0xcc337303195d72a5414f997317fcf76afedc6185,0
0xe9f338f52be043330339b33737b18d308be5875f,0
0x20901e9f5119db0dfd6a32b47b495cc4766d9244,0
0xf9d22a148c2d8f7cf4c96d132a2080704016e04a,0
0x3b9ae3f5158bd179597701734fe851bc054cee44,0
0x0ac8be230097796bc93975a3f259720d1d4771e3,0
0xfddd4e9cadf9a3843e914f2a0850198b2728adc7,0
0x18dc88c49447a422d8ee8d4bbfb150a4a09d2216,0
0x402c280fd6c71eda186a56500232f1a72b6ba96f,0
0x11787952d589f472c13ebe8973f9d86c24e64718,0
0x4d7fd998f193cfc81035a461f257cb4af4d30006,0
0xdf228585fa8dab3b050cfa2c9edb973bb03471f5,0
0x3b6d8057016f99eef2829e54788447ade417d07f,0
0x2ddfc691a09bedb490c229e9a9671bfbc81e9551,0
0x6328ffac4fe1188269af32cd462daba9cb4f2679,0
0x9d6204764492dd26dddba3e392bcb0e267aca48c,0
0x82d7aea0934e0a07026b0db1db1eebf5ebca2707,0
0xc1b7bbce3f69e92432f464ed944492488885a4da,0
0x28a206f24b8886d5f4088725cbf2c46c5b670559,0
0x6dddcaba73403c5783559d7512e632a048d22bec,0
0x4c1e3ebfa429279a175b8fba07a6acd1fc779b0d,0
0x36f595ec1617a3861cad0e8f64e1e59853fc04c1,0
0xe1f3bc54ec402ff9f4faf44b83e13243603c956c,0
0x203fb6fb691f78352da13e0c0c045875d2bc027c,0
0x87dfe298724fd19ad9b58642e872a1e37731412c,0
0x004269bfef1da166ad85af90bd2d01fae50a09ac,0
0x8f6741bf35dad68114bb00ff9fe611796e584d5b,0
0xd1918c68587320420a7aab93d1ee10b19a259bd7,0
0x3706d8a26aca371c03084afc3e243024af087ecc,0
0xa907c8527e27d4d566467d27cff4905246a98b0e,0
0xbd807873f832b737959fad4da7b7ae95cdce42ba,0
0x311e12ccf7a16e81aea2f4af0d8dc7f7356a97d1,0
0x6032e8a5d5c73e7eb5264f52e90492cb946b99fc,0
0x93df98b1e42b22100069b0aad54e9d30a68eb2b0,0
0x74285a13b5e37117e38c6a19ac000028bbbf806c,0
0x74e46c6ccc56e565db0d2ec3ca0f8646658dac06,0
0x457d377f188e7a763712f4d7880ad3d0499dba25,0
0x5bfba31ee17b4c4477f1c1259296b5891bd9770c,0
0xa53bd4e80363fea671d84769e1ee1515946fc9f1,0
0xc99a5b28be23e7d0c7e89fdb3493c00880924ed7,0
0x2a6b9a50f9783144518d05f8aa966af709bc0e76,0
0xfcb27e07f3e348baf288a5a6de7fe03ef1aaeafc,0
0xe2faee7ca30d88d84e11464cbe980badd58476f8,0
0x18cd32c9ac8aa129070bd57e710a173888262dda,0
0x3ce318517d202fb9370068c8a094a5c4fb9b067b,0
0x6a135f5830e8de0a0552c6eb0bb18034f5cbb524,0
0xaf1151a4cd6067836415bbc02bfbad3cfa9ae9ab,0
0xd3e3adadb62d3742a069d7ae9db8f53c9a447f56,0
0xbb44e7da7e503b4fac7036e535a8c43efd649c99,0
0x673844bce382fe5fa0fec940c3b8fb8be4f7e7c9,0
0xb77f8831a118482364ff74c82c6b1650fab76fac,0
0xad5dd967b2cd19ac35210966ee151531a13f61f3,0
0x498638864aaeff7b6a2c57d52190504f897664d1,0
0x99c0736908e237b686dd7a213be3867d440b256d,0
0xb16058d53e72cff19110931ca108f6365b6d89eb,0
0xde584dc5a00db4b8787d595a6322f807f4c345ec,0
0x1b141e27fd5c063d065daf63a9ccfcbe983a1ecd,0
0x20bd62ae63eae938c2e11a03c36a5a05b66abf4a,0
0x530ba1b7059b1b66de8683b410ff0e4927188f34,0
0x556ed2679449f5f2bfcb549a32e1d5c9d97be832,0
0xf39f171d549fa7b075decb75f847255f7738270c,0
0x054b3807c192e68babec1d3f70c21b1a68266768,0
0xb748b19aea624fdacc5f3706803017bfbb58decd,0
0xc996dad6f655682aff3343e710019fff9aff2d15,0
0x302c75cb613855353e1c7dc9dee6b8cc5971e9c6,0
0x4a5e1bc19fd8a99d7c466f3a747b0f729d631c01,0
0xa03322c8c29dee6137c51b446610491c52471367,0
0xcdf2bd09cdb76aa34b743ce749bad5d1af190aa5,0
0x97280717fdedff85ca3bac4028c3ac38aaed192d,0
0x080f9c2495e9b44c93d377f29b51c9f54e32e3ed,0
0x27d3d1789b90f778e4eb8f858dea9204e69f9162,0
0x3920d51b1889d358d2892b9376aee4d90df70721,0
0x51163a13befcea478e2deede8249bf194e45b7e1,0
0x448b5e5682f9d569053da17e1deed83a11289d10,0
0xa5c6e5ca7c6ced7cb897b5dbc72a6790e40aa6ca,0
0xb15b747fcf64808b48eef150b18b468b2cced3e4,0
0xee841af4b7ad4a423c7e9888b0afb5a0144db742,0
0xb4ebdcae83b7670f9bb281bbb785730ffdc92fe5,0
0xafa04daef58e8cf85b793f99639e53b7e20d349b,0
0x4f407bcc3f0e2a3fbd904cb58d1af586c0858613,0
0xdea1e99291aa08bd54c9461acd4c6c1d7331ad5d,0
0xacd370fc401c1f95373d88e85060430356ae3654,0
0x61554f9606134a1cdd9681ccc9fd6ce3600c02af,0
0x0ce6159414ea9ac30d212f9b6fe829393fefd765,0
0x0d2740f6c699c6188c6ecbb42b84e93073f21a9d,0
0x639b1e55a025b2de42b3a3eb4aa3d5032b1499ee,0
0x3725e49a68948f542904b668896283e1a7fd2199,0
0x66043a26c3c41fd4069282791ce901a39fb60a84,0
0x8537ada0212b1e2e880cb39cfc2c3574575d4674,0
0xd7eff8aee4cd56ec32306865e557f6da273ec83c,0
0xdaf5f04d339814c79f1d0d7116730d303ae6cdd4,0
0x2c5ffb5e34a6d50237e3078d55b7730981caa29f,0
0x4fd9c28c0d5897c5d875ac1be4df34f59bd82745,0
0x1deee3a2c0ea8a7597b81d4bd54fd73e9446774f,0
0x2ba38bcb0235e4f719770ddc5d94060f063ee6ad,0
0x25031f4a57b51eb1cacafd635fa5aa205f299c28,0
0xa441dc5164769db326109210d5152e877b573c01,0
0x643ad775dcc98194d2ede776d81077e046895a03,0
0xe35c5c0d392ede595d9b7b147da604d08bce96f8,0
0x7c2756ad9f05f4ffb003a2b4bb7b709eb8d55d42,0
0x85a0f1356c2a86a3dbde262f414901a3ee7b9556,0
0xf0b90ce35ff4772608cb1bb8f4e4007758f03e14,0
0x5aea0fd43a0cbbba8549b0184971cddbc4344ea1,0
0x7568cdfd3be841067259386af4314c5186762f59,0
0xdc0f2543d63b77d3a73bd906f7f4e26b491d5dc4,0
0x1689597529c87bcd22461891a78ba7caa30e2bca,0
0x2edf06da7efa71baf04361394664c3a9df94e8f7,0
0x617af9fc63a02f226916b18e1397148de9cc35db,0
0x2702b8568669727f194e123d89bf780df0b93497,0
0x937b7e6abdade58a5090b460bcca0cc2f47c09f1,0
0xd78e5adc54427daffb4ba9bbd38169d1d5fa75d7,0
0x18f809e1f3f7efaf3586437ae25486f68ab9c926,0
0x763cbabff7e5c192c6c193da96978a2504e9b7ce,0
0xd09bdddb2158fab846164dc5e2e0d5803bb457a9,0
0xd5f386a52f0d384f62ef08ff157b7404505c1831,0
0x6104c0bc9ffbd2352e20a264623394c94585f25c,0
0x474e7b3545e9ef54b03abde6c7cf8afeb1ed6dde,0
0xfa2d89d30432ca5ea206497d7cda344cb0de009c,0
0x0deaacb7aeddc6d15a3cb416a1b951ecd673216c,0
0xd813d5727a36295336c2a2f00818d750d52d17ca,0
0xfc0127d68412ca38efe5252bd40340b1c2a520ba,0
0x0ada3b0ed02dd12d5a7a437ef9941857d72054b2,0
0xeef1df9f9b7461d56ff7f60ea8130f5bf49c824e,0
0x53df1f2f522cb0d053ef49dc751819fc329ac751,0
0x234ad797b5c5798914f0cafffd59ecc05c87d6a8,0
0xd445ce94515421e8d4c1a3fdefdac30dcd42ca0f,0
0x32827f40f2d58195c4817d6b09a6964fd12a7c28,0
0xc733f184ce7aca7e9e48a31553f61ee2a6265017,0
0x868d183d259b1b02b3efdf7b9f6c19091d50f8c3,0
0x128e8fce9f3b8fb20e0bfc5d0956e8d76de9a966,0
0x7683562cba3b3e0dab9f733c41bf58e54fa47559,0
0x700ff30fed7e611d3a760e0356fe2a1fbc6482ee,0
0x990028f577907bcb7a1f7c62e423994ab20ec95f,0
0x09c28881fc1ed391d898b7c2b9b9d12c9b003286,0
0x8e5404e44ef9486886318452cf940a803b2fc150,0
0x0dcbe037f9d47657eedfeae3703b5e6effd493c3,0
0x57ffe48ed3c30cebe4c8e0601ab2abac165937f4,0
0x5a46287173e1d24972b309335f6b35263e4d77e5,0
0xa6c7b9006f25839856a8d0ff45a39fc40bd680c4,0
0x42325f65ccc386343bd043a2eab7f8fc3fe56f25,0
0xb5daa20dabf6b02f208d7b196af4946c367fa756,0
0xb99090cd459b81d189ec8ed243c86f37d95bb562,0
0xdaa72f405d0645f74fd989017d768adaf9401c86,0
0x2e50d3614e4e226d36e6460e5f125e02f9ae7621,0
0x58c4bc37b41fc97ddd260d41fb1395e83a3cbf94,0
0x48515c631a0e7d1013e84b7064502508a8bf6905,0
0xe164e9b318151d8a802e0a0a56dc6d58440a48b0,0
0xac9dd8befe2d7285ba098ca9be4c338798107f5e,0
0xfb12450cecac42cc5428ba1e2e1af496a992746f,0
0xfb1d93879074f25717503e84712f06defe35f5b3,0
0xc5e804c930b00f61dfa9d66d0ad45c85b1db022b,0
0x93d90f6ee84529b03cd3b71a9f4cdabd85c79dd9,0
0x94576800796cc05e61fd0e9eb2d0b7456d950cdd,0
0x591fe5555d6188fd69d4f90146905f0af21402a3,0
0xddfc7b0c6aa04484ce1ded57e1927d5ac709e860,0
0xc1251220e6464a2ddf65b407dd47f886a0ea5946,0
0x4ecd17b182a992e51137f89fb52391b9c252162b,0
0x3a1f454087fce43cce68825ea321ed19c4bd9412,0
0x5a5d410893c7753f3dd3d87d4e8bc201490cc709,0
0x488b9024758c542966631d34efc4ca9555416bbd,0
0x91d2ce861869d3363eece1f5339aeb1e186f02b7,0
0x6c43151f0948907e7b98feef23fef8acb3dfd5e0,0
0x4ee0b3235e91ac13adfb0347819e04c2438047bd,0
0x6b66cfdeea293dfd64025fb0de7ad91a95907790,0
0x24a63fb2bac4aa1b12319ca1f75feb34c0cea1e6,0
0x03fd349c7ab0b9bad9cc09759dfba7b72e25fb6c,0
0xf4cdc028dc5eb577871ff3d087f5a2afc27bb746,0
0x3bc3b147c6110effe589bac7129cac4956d933f4,0
0xe1cd7eb6e7b7f70040f2404cf8f7de9317bf4e87,0
0x29d73fa62eec4f84efb95c14f764c90153522ed4,0
0x32747846c03fa6319d0e6a9f5e0e8ea25c712987,0
0xe85ece3a5ba4ceccaaf542c0c025d502d2ad671a,0
0x514dadc00f74d41fd3b6f88996d0b996999aaf55,0
0x25511296f6262c614dac054e78b63d0f2304bc54,0
0xedc1dd13bf46bb9147f8e524ed42f56154ff0996,0
0xf7ebe6fdf4cc4d52d5e0c3904e10656b15dfaf25,0
0x4e447b58e2944948d171fed71386dc437dbb9d36,0
0xc072808733d433450071032280a859abdc5a7f62,0
0xeb1e81920e25ec7c6a84b5fd434988a213b9d0d3,0
0xd6ad80e0929b887ae4d8bcfed62c6fd15390c04e,0
0x986ab2de08ae74cb06d35640709de2e49ca3f2a0,0
0xba0413430de4d0942a6b066e788f0b70850dc8ad,0
0xb0d9a12b72b8b17d78c9ad4fa9e295f21816ea58,0
0x932d1a5126e1028f7e3a47b36f99d119c7cdf0e6,0
0x749e7f9fc9e5f8137715e8ab211eb347bffe2888,0
0xf5e14ce2bcbb2d98876902205a34332ef7a225b8,0
0x498107de0524a7fdf53d8eb473e4cd4886393221,0
0x86550223c4580880f591b740ea750fe65e5cd259,0
0x894accebc4be50a2dae7264affb5cfbc2cef4618,0
0xae2bee6b6e9394186c9fc0aabe59eba5cb676db6,0
0xd7782cbbb0c65088d56519dd98641057ecce5c12,0
0x2c841f501aafeee04f4f9383fbb8ef5bf963c64b,0
0x9acaeb4b9df32d1a738a4bca7fd830a12d430305,0
0x13cf0f4000d95c60416039dc6083eb0f9abc66ad,0
0xc79bf4dee02213cebe55ca2279785ca7755a94db,0
0x0a9c0cef58da3ffef46dabbda8af94a8ba825812,0
0xca241eb56e5a2694291056c058eeaf3ae5b883e4,0
0xbc07496d31b159a0c121361baa69300c1c3ffb7b,0
0xc534b72587eec3c6f60cf800c4071c72b8de5dac,0
0x76c7af1177a1955eeeceaf00df7381f5582d5b61,0
0x6d3b0f610976e90dc89356603c2c9146113f738b,0
0x91bb8dcbb9119ece35e47d1f49059c0e246a0314,0
0x9613e7114beca3d5ab6bf33ce73d1c87852637ba,0
0x753ad2c0c27df8db52cdbe4d07152fa9b4646320,0
0x4bb8c0c2c422196cf61920160235d799cc1892c9,0
0x0d8458bdd8ecec355f4a68132a0b78e53fa93d04,0
0xa5fb986fa1ccdf4e343a02f5778d320c68da9776,0
0x982d1599d2adaf157ee55b33afba5b8ef55b8c2d,0
0xa96a0ff7bf86c1af2159bcfbaef7844f5316033f,0
0xbfab39fd2c62f6c9ace94dcb47a4f71a33d36ce9,0
0x820d48fec916739a5c42ed20e9de740c6269069a,0
0x352c7092743059577f39d3b62f2c8e23f3fd40aa,0
0xcb8783ba80c00adbe5e65191e00bbbc40002c05b,0
0xcc1b1aff955ba34177dd9e1bbc39f1d21e92f007,0
0xd88d929bf5d975317a522d76b2643405aa9587b7,0
0xaeed7d8f681f536cd45f5dadf52bd76643eec3d5,0
0xd2901de5719266327ffe97bb2d1842a0775c4cd1,0
0x560df008464f0a1a4a139706feb0ca1a3e6ec327,0
0x76658f1bb92af61ed5fc3128094494122ae4a633,0
0x46dcade1cb82151a9ab798e036f74c0537595512,0
0x81f8c58a08a79578633e45e6cffdd92a9681bfd2,0
0x2c848f0160057dcaa0f81c5c859a26799c256cda,0
0x0d506deb74f6c98ef6ee50f645ab769990782219,0
0x6a6c1ed0d01caeac2de069ea6623d9ddd7f65c64,0
0x8e5eee8ef11b764333b97d0158dc4d67175b055c,0
0xa53433280aa7ec3de137757a83e28ea7fe22bc64,0
0x60afbff9ba4c697912687a1734231a8812038d4a,0
0x49dae3b6c402f8983bee8b9022bf0897b66b09bc,0
0xae98cb1b81807c9b012e45e4afe7406b7f6560bd,0
0x072cbd1b9135bca5c336b361d9c59b4ad26bcabc,0
0xe91de1645a912e233612d11e996ca6d341fbf323,0
0xdb997e0ee4eb8a5e3b8ea805dced41ffa69a500e,0
0x4d372c6de367deb43e1de87bb0986aeed50ca2f5,0
0x00ac4252684fbe53cc7a96c046c9843419d19c8d,0
0xcd424657f9adca681d1a34ccb483e83da582e1a9,0
0x7c84c678deae9d2d49d59c436a8b6059166e8b61,0
0x42138c9856941190b0cf06d00e103b91af613e1e,0
0x636ae6e8f7e3a46623dc61f926794ed343ca6f56,0
0x299450cbfd42f16c3f6a1c1e194c28e227dd646b,0
0xd892055091cb0d579525c60813287701f73088e6,0
0xe26453d5b901ac60bf4a5e9ed0ccecc39b2c8261,0
0x1465abadd8572bbe3fc9c9338d6e3327891f56f7,0
0xafd31cdcae4f70e1d8c8fc42d4d2385fe62a8a62,0
0xe7961f28757a68d481b86432cac65729f1a8b301,0
0xf1460621471217f7800ad68825a2c409a36371fc,0
0x10ed48644beb4270851423edfbb29553970ca2f3,0
0xb0475ea502ebde29eadbd42c21bcf0a69c8d4145,0
0x0df99f8b6a5fa0e48d9db2fd123e72b308a12f36,0
0xc06724b28f0449232475f9ca813644ecdbcea964,0
0x1b22909363e8d5a8b99e35c3a87f4103fb18e79c,0
0x41d93673c218548f8da1597cd9cc13820dd6aa9c,0
0x371bb8d749c4a23c500588db49319967c1237bd7,0
0xedc42e535f0a805f5ca8336538f7fe0ed34c164a,0
0xdd641760553465cfe7bd8be31ad81d718b7605f6,0
0xe610e4c6b2ab6e38eba4a9753ab6874ba72507a4,0
0x960bf8ef890eaeaf969f78d10b1f9372ac1a14d5,0
0xd3accbdeb140d599783645c36caa0b05201d6b7a,0
0x769ac5e43386b00007a88fc8731e5bb27730fbe4,0
0x90f147a9f87a55c9b0c315191ecfe9d20c4226ef,0
0x4e67ea357b17aa12bb9dea8ac46756fb21e9191c,0
0xf94cb0901aba1e231ea7a6a46040d2bb91994b71,0
0xfdf4b0317a9494f48e5cde90388da195d6a95717,0
0xe2ce311bf0a11429c1881f3aa1907119e6d10455,0
0x51157e21a0e5aafb9a8594905e364ebbe18cd6e5,0
0x1bbf7341adb42b6fd3425c351d8bec83c57af940,0
0x21c1bfec328e557c0b593d524f656b066004198b,0
0x8b71a3d85e2094cb164711f21f04ae59cbf1323a,0
0x89fe5fbd93748fe3272da3f037f788e49f7a9504,0
0x24c86aa99e75119ebe98517d4302652c0cb1be18,0
0x899f008480d0652282288bd96a61b614a8e62fa3,0
0xb681bdf5eb5c430ff17413cc98038b49d7ed5856,0
0x9ea3cedffb9d7fbc6ce399d64d397ea79161fa46,0
0x9842db10122a0d6a20e7a640c063ad586c2e02a1,0
0xf7b2a482c81c51abe63e54bbc4e486ceccdf2cca,0
0xf12beb31059510467d8a9e1a1305bddcca8a4f08,0
0x3b8fe999c293edc3db688633700e6980c7c3adb4,0
0x593c870b89f52774543bbeca4b5c854febc9c4e9,0
0x0a96a48e36079620fc8283cddd73b6dcf048c9f0,0
0x2e5f6007fd1726ca461a343fc5b0c3f8038df186,0
0xba26104ab81192e7185b5b9a421eeb70c21e91c4,0
0x0357c7837cd408638fbda5bebcc185794748a08a,0
0xf3fd1bae3ee4eb81e446f46f3b1ab99703253224,0
0x654e4b715b112c134b19650e62b4587476fbba40,0
0x94e61870663251bef4b7e039ffca427b972cf758,0
0xacc3c500f04e12ee43e89f0fa2e5dc9fecf1ed61,0
0xd31effd4d38c8e1278b9ad6b394cea53c36692b2,0
0xdfc8e9ef4aaa846108044187bbbd6b6c60a92a42,0
0xc783746b083e4e2a0441ad01f3d878ef6cd6a9d6,0
0x526ffb6ce661edda68f243b66842610c5ebc016c,0
0x15ab068034e525acd5fb766535e5bbefda2cab91,0
0xb4e1d020040c93d5b6bcb3027d92386dc7ef24ea,0
0xf36ca19ac3a2d8fd120bbe0d7f39c2e8d57cc31a,0
0x44f63d4b4f6741fd0ca9819de713382298a97004,0
0xc91a76b3453553d033497847473db133df94eb14,0
0xb1575c102b2c2917f1cf5b253fa6e0ab57bd8306,0
0xa0d81756651b8897ab55bf22288d53d5227a7812,0
0x0308be52f37eddaffb91c65bb39d83b887cadee9,0
0xcb40968074889bb169c17310a8b63dc6f7773d6b,0
0x8fdd43562bb212435a36c77592d7c637a1881a87,0
0xf5fc7a8fbc8c2bbd15b82ab8dfc51c33a4eac935,0
0x812df7687b38f4bbec7acd567a67e49441ce7a3e,0
0x6f037977cbb9643cf7a4fec7962a4c8f75147e10,0
0x3df586da50c839ccb0b2b21f4f47ba7f3d838cf9,0
0x2844fb59e3ccde12c50bac449ddb935f682b89c5,0
0xb97ee772b2ef5d2e681a8319cc023c90c6fa0435,0
0x4aafb5f1fadcebde3ca445e9294e628cf46efe06,0
0xbf9442a7b30971bbfcaef7dcf8e15ce476ca73c8,0
0x957e1c26c8078844e689e606b7dee69866591ff4,0
0xfbc8f5aca4bd253c2a3f9dbc21eb959a7178195d,0
0xecc784e5ee2e11443a56aeedafa8927ed95cdcf2,0
0x5d8a8e431a0ec331c205e2ea60ff2081abd96d58,0
0xde252293d693534814f23bc756c9a6e275148b9e,0
0x5a9e0ef55f02e093ca0bb1c7fd1adef18f302b28,0
0x989243a57248aab92e983e0b101c7ead00b15a6a,0
0x7ed170fe94f4196999f7b181d1811530f7020a7f,0
0x97c37da536f698d3e026975ff6ef81dcc2f1c1b6,0
0x6a0067c3a19034251100de71fe2dce7afc364008,0
0x20323cde1ac577e91bbd500988a177527e4a903a,0
0x67e13dd727fa5a70d337bc59d7c9a04501863cdc,0
0x21cfdab5267728176d13ea057976cdfefd2a77d9,0
0x18591097cafdf99989954b6b9d3a1a760f9a1e86,0
0x9fb594e9fcdbec2b6f77194ec80f36eaf0c03099,0
0x42f26a3966bcda26cb3103457f8a2309c49c7e7a,0
0x1cfdff873f5f2ab0259718178b98b675ffcc74fb,0
0xd54856ba18432b06d3cbe34d4f349a8d139fc220,0
0x09f35e1e3229845bb1d6e5980168bcbe560f244e,0
0x1117c745bbe0e90238cbbab7ba470c0532513ce0,0
0xde0313b90c5481db7e40667c92071ccfba9723ab,0
0x25efcae5f7335f640a541c5f237e977c794b8104,0
0xa2776c3b2d2f04874b552d4dfe569f69f12c98d9,0
0xcc5395b4f79d267ad4e7bc6b52c0e89bce2df3ea,0
0x06415db0a493d2d8c1841bb43051d98bb6b42b27,0
0x06987bf0aca54f3632058f8ccfa56ae10867fea1,0
0xa558aadb03ad3c7a8dcd8b1aabebf03361044786,0
0x28bae1a673bab1258610672f100a7c4877510e11,0
0x4b8f9caf0cba05b8d5425a39aa97f1f48fd67d6d,0
0xf1c72ab6ef7c13734a5baf350437a2114a66ebe1,0
0x82379142838145537c3d7b3a2af20d21a9b3b3f0,0
0x6752fa304f51eab634a067c39db0aa8be480faf7,0
0x486dc527a19120ccc8a39d56ea9bcc5b832cba4b,0
0xb0e95b5039d1c3cb82c4627afafde4da002d2817,0
0xfb8162bd21935b8da60f7bbe4cebc0d9f2bdcbc1,0
0x674c40a29ef7d36efb38450066837680a576dc79,0
0xdb2f1e88d0d556ecb300c38f5ee04eaea5b5568e,0
0x34b41a12885bde058aed6e92fd02cabe1ea114b1,0
0x0b2c5791ca5c38fdd866fabf39e2bcc061d5c415,0
0x881d2a4827ee94952841f9ee9dbe4b9a0aa4600f,0
0x5a69bd7a8d3f278680d5f2589df77a694bf29336,0
0x54d875f9395c03410da5caa9e5ad2bbb7c59d4f3,0
0xe23287377fabcd0e7a072c14c08c9298a0db71b9,0
0xc9e6448c026a3bf60ef45005dd7d1bab8bbccb2c,0
0xdb26567815d54d4de51ae11e8449b4ed163ebb8d,0
0x1135b46cf6a5da9f57f790ffbb76da2d7298cc54,0
0xf7a95498604b318d68819e6ee03cc0b041e9310d,0
0xd3fcec73107629fd8c84f924613a7b4edaff7a49,0
0x257011cc63e68b843cc0df00fd37b01694a937fa,0
0x80d5096c2be1a93cac06d98a9657c4819a3be50e,0
0xf1d9def168e8326e0fddc09067189c54cd1a42d9,0
0x70b8f289af63616196a4012750346a652e85db99,0
0xef98fe495f7ec9a485dac35c2996dd90cfaf99e7,0
0x13911598a2d8a7ef1684d39ec278b62849cd5980,0
0xbef5ac00a93aaf5e7fc7ea97436d5abd36daf5ab,0
0x3e9173a691b56419327eae9f88adc18d83f77448,0
0x4944154aad10ffe707e28f63643c41be41c5f072,0
0xb43f8606e0253fe71d8ecbee33931a80f149c2a3,0
0xa53941d93fac927a2e57524ca9154db3cf6e1866,0
0x9534cb3ac4f9f13cb95735f4e2dd20c611847b61,0
0x2439553a1b5371383747fa1aa64082579f0236c6,0
0x6ce5ff54c33237b2d5e0b6d5d3df7bf2a8181611,0
0x81b2e731fb7116f8eb9a6bb0e5f2e85b246cecc7,0
0xce2e76b85f8197fa11dfa655c5ce67a6d0aa7933,0
0xb754209ddf29ed4d63066efbd150d73d02910b56,0
0xaff579e461262f5d1116efee5eda3b85cf870aa9,0
0x28c72de22d7480014ed0a362911c1b79039fcf03,0
0xcbb969396d319f79e63d3011fab9047a049e979c,0
0x4e4bc999897dcbbe2380b2c4c27ad54c44222ccc,0
0x06cd82319c6fec737dbd36235f977550314db76e,0
0xe92e59124d01406b23769277a9fd059f7bea1398,0
0x6ba0eafb19d08d405d4aedd0786d5e6a101ddd32,0
0x0a6e7240ce571c41a4bce04612606d1c45210d69,0
0x3b594eb9b91272d1e6dad50b37c1ac76ba548d90,0
0x95e27cb11efc16f7b47973f77ca583e5d7822fcd,0
0xf030312c0fedc10bdc6a4c24e958646423a7e524,0
0xbf92b4872b06f4ac806983a8587d9f32f54f9889,0
0x505f6ea44d12dd0e66aac278bce2c43256626091,0
0xebb04117e57fd1fa26b8eb92b6c9bfafad1a8915,0
0x8f454e93531ce933fc86bff9cb78bf7331f1602c,0
0x98b9bcd82ccc2fe447abe7d6e1d2de58c9140907,0
0x72d52db2d5c8dab7bede349aa1277d1ee79d355e,0
0xb1958d499915a69e9a60196c66a577f7535cbe27,0
0x21334ba7cc7aa38b5e2a9084260318c65f168830,0
0xde278b1a01463b2aa3667f997f63701bdb4e0c7a,0
0xa12c951b3ef8b81b396cde5d646f25b2e89b07a7,0
0xabad9c10f8033db653cca77ecdfdf972dcf7b73f,0
0xcd58d77db691bb307feff295794c78930c4c8334,0
0x7e420fff5eddd81c21d59c442d63c4976ca3203a,0
0xf73838214e1e9516abaa5971b4f8aca6c2176bb1,0
0x02f0142593d34435355621858f8e75ad5569a711,0
0x8685ffb7d3cbefd3cad001796109a26c9602e8f5,0
0xaf012c6ac954bc2a9ee538d8d4697625e81de06d,0
0x751ddcd1a0c6482a0bca2068967d5057091d44b1,0
0xe0d7730203d787b5a964bbfdd87ed212905a90a0,0
0xd5ff30ed75a51e8b36455874923c84a6d96c7952,0
0xfa27cf4ebc93773fb859e49bf4d4365f080ecc52,0
0x5ec3ee4c218fc063c13d070494f82f3914e70dbe,0
0xccf5a88bd76522912e9da14db63395bc84b90088,0
0xb2dbe5dbb99aa7c3a362468feafdf68d6e3f5a44,0
0xa0e185cece10e4fab33e2e5f81ebffab007335c5,0
0x4361f459c79a808ddc2ab2115ad94100832c00a8,0
0x5c7f92aaab24561adae4628ac7b7118219d30f62,0
0x71609ea4619b5755516343cb86c3d0c828f38743,0
0xbd2e970c8e2ebe4149a16adb707142b8b928e741,0
0xc16d21369fe1ee253449b3b91ed68965efdbc5ce,0
0x57867a21621b006d76db5f75d5f0321d44e99462,0
0x8d09c0284eec2d80dcbb4c496f1c9f2fe4c998fd,0
0x97da70b76e068c55f11a5e13f00753538f58877d,0
0x28951fdc86732c4a4ade4f3df1dd25baadd4d02c,0
0xc52186876e2deb9f8b5983e88a51075bca61c6dc,0
0xfa82e850ab6fb5cfc3ed6e40bd79e1f3e2ba9d1b,0
0xb0326257754591087763168e65d3ffb47aface06,0
0x84443d5ab3b028c9136a66325cb2f6d0411f4884,0
0xe7ec295ce3d2c7129d034109375574048ed454bb,0
0xd2bc9acc0f047da6801f7377a7dc97b65dd3cdb7,0
0xabb70745ef4ceacd8b98c849a0797ef2c22fdc4a,0
0x40d3f36d4e8249e1624622eadc00207807107adc,0
0xeb32e780bda3203d2814ef03afd12796b48c07e4,0
0x9a2c897aaad5fbc82dd907256d92033e506d666e,0
0xb5003cb5cf4592bca9811fb04df58c5595346353,0
0xe07526b6646a03410ab94a6e1167005e46193817,0
0x611217ffc445d2c86290173c96e5905896f91c9a,0
0x550a2657d1412338619d1c1b5a7a9e8debbc79db,0
0xe502c5217c9a6c86f6ac985100c1e4c8c5824994,0
0x03da42567788ab0a0c7c4ae47ca954741a51e30a,0
0xe939769307ce9894058c26c8dc36f3f44867e37b,0
0x899f6a5e44203bf7b4b5087b067127cd34ca5030,0
0x04a69faf0c02b73d54c96279b04583b7dfc9f63d,0
0xef1e4764c5cb5a0b09f408d3aa7dae002eeb93d5,0
0x76f5b94d2cbe12e39177a1a894c1f61d3f5e659b,0
0x5b9085de9399e652e15c50b81d0e3ea178bf93c0,0
0x1f8aa8e7dc37023760dadc41a42dcc56d653e45b,0
0x9cbc1b61fe299965fb018ca47891e0352a8c2ed1,0
0xfbdf58a582b764fc1cfdf9db8f3197ad4301b3c1,0
0x015d60ba2a3af2829cfbb11152ce171bc3b9515a,0
0x81a325ff5b5f92264615dfd77c291c3b49434820,0
0xabcd73e10801bddc098e2fb8efcb6c3c6a8638be,0
0xaa5f8e73bda800af198824accbe9f79ef2c0b0a9,0
0x27293044d952ae0b3e62f2bf14d0c545d62343c6,0
0xcd465337d1232e9b792a631a8703fac4228d0718,0
0x7b4b1b0d401f90d6789847a2e3434fc11801b368,0
0x5836a4eb5504f3fd94f58c550dac14923681da52,0
0x9386067f23c59988b436000eb42701ca4d705c0a,0
0x63b6d5e603558469de023b0ed3f65bbf4179fece,0
0xeb7ce8bcb93d4b1f9dcc7189793887ad9736a607,0
0xf997ef0723ddc578459e8ab36ddfcb29a89f9a73,0
0xe4f1bab86cc5ac7fc35a711096745cda0d61f07e,0
0x16fc0659e5af74186dee9281efae2fd776be2a86,0
0x70d47277d252811b46ef23db6b3a04ae4617e1e8,0
0x299491356a1ba0e46930a0f8677c149ad1ace7a5,0
0x28a4efa048d7c2d7e860e582c8c2da971e9c99b8,0
0x6549c59635c005e20f2379a1ad96ba26e70c58ce,0
0xe25919a13d21015d5ddaf7a88aaada43868a3712,0
0x98711dc02c351a82b385c06404a49fe8a02e612e,0
0x5b2ee533139639ac37b46f1a6a6541e7edd3da56,0
0xc872bfa9ef14e1c97c231530f81b22b6e17f9dce,0
0xd4fcaebe351a9c48f39b14f8e96594bd5c007b50,0
0xea654647d476403254b3df5183f4e266ef24bcf5,0
0xb20868faa867e332b9f5ef7cbd527b79dd3d4b3c,0
0x6f4c58fa7848bf5e917daba10d79b195ac84e3d5,0
0xff53f12b7588eac059b551d330322cfd4fc062d6,0
0xc91bfec4a51bf1afb9a2056ab78a1bc5eeea797f,0
0x6a695f52ab3d143e34d56f97f54b9615f129cc6e,0
0x5231247b074d7f7c3f41608c5814696c1634dd1a,0
0xfff3f08342251378d28d4a0d32cb4e803fba3ff9,0
0x0129e9ce9457debd8c94da3e16551d6bfe1413bd,0
0x7447fc045f3bb0eaf2088bed96c791e63a7d4366,0
0x1ebb8404c65bc3d26e08561e940cea6f9ab58523,0
0x9448e8cc40154ec0c44852f5ca1274fb31045765,0
0xd7e9be1695aecf8a2ae188a45832c71edfd623e5,0
0x09f9f50eb7bd448e95dfab7342f063e7f9f11a5a,0
0xf4f50dc626f010ab487fdcd034c7185d4291d8eb,0
0x556b617b8d5c6664dffd517da573bc2f88a1b26c,0
0x60c84d0d23cc30726c1ce70108ccf9aa2b64d3af,0
0x358b2292960c5b50b38a63c96f9c937fc05e3677,0
0xbca1ef2a68a50a51e53b19e9b0e10d4b1dbebc81,0
0xf2ff29e3b5a7d002322417765a44e1e52865afa7,0
0xfe347655c0046e37d83e8da28d9f197d8a8dda81,0
0xfde91cbeffd3c279f659cab483d06b074e25706b,0
0xe587c2146acfe5cbf8bf59ad6f8162afb8d2f509,0
0xa10a19fefca3386b4f66b07b4836a03586cdc3d0,0
0x252c7fa5da20b819dd364fcd40aa1b4081065190,0
0x922ba3681767fcf434978d28616be46481d5c433,0
0xb6e2bb327d1ed1339ca6813b83d704009c459d45,0
0xb0056c0bf3cdb43eb591c9a7dca3c8d439978060,0
0x1d44c96cac7a6d1a69990fd9d42b04ed3417d6bb,0
0xf4d7c0860abbe6274e849994e92e0a250035a7ad,0
0x4e1769cea9e5b69aa4dcf035442adb9c40eca345,0
0x5b727e695f6a1b3ceb0cda4889ef5bae6686a179,0
0x0e692e3d9a9940f92d36f167defcf41ef0841157,0
0x803f884db2726bcae4a3afa7c343b6b270bb1fc6,0
0x6f5e985e092af13c55714a18eebc7cebba971262,0
0x416117bf67e05fe12a8b6556fb117e695d06be3d,0
0x97f853961f299ee58585f7f882c9824e08e20a9d,0
0xff1f82124496af8f2c33a9a7585e8c46cac4193a,0
0x8ddf091daecc95cd2f554da504206dd99dced7b9,0
0xbc216822b99d4be929a843d175a582109e3481b4,0
0x3a2f193bfd1b7e6054ef5a8108c6738051831301,0
0x6d8cf4e45399c2e1de33a621b315849f2ed66a24,0
0xf0fa5c308385a8e70d520863d370482beb5b7856,0
0x882b0ec35097f704fe0ef85d7d52609ac359d7f0,0
0x5fd9d1d2474862c9bbc6d4d022ae912623671f24,0
0xc0c332a1b3102304b325f5eeb9b4c47033bfb7cf,0
0xda5b67caf11b574d5f2a4c7faf419a10bc4dee06,0
0xa70c9e0893a297c84cf46cd1277ca624be3d2480,0
0x52e3c9309442dc865798073f336d6f0eb89f46f9,0
0x309d85853869ed26303eba7c095f38bcd01054e8,0
0x9bf6802a96be7b476a5a66b68033c1726a49f3d4,0
0x7fe65b110faf12bc3fd5f6cc67d837967d6cadc5,0
0xb7f023cd80b2f8229e3b9fb4d20e18d568da7f0a,0
0xdf8647aedd33aa7ba53a09a25a42bd68b69a6239,0
0xbe119d9d9a8c6b805999e54311d0eb0f65cbdcf6,0
0xdb1f5a80157907d9b63b1f8ff384e9d8f018bdcc,0
0x8e74fedf9163bc0efdd5d012f17cc37958ba7230,0
0xf55b059b3dbda794cb19dfacd2665c43cd373f73,0
0x292b135a0531fe2d77780d78e571210919fb62ea,0
0x4c337571fd0a2b6280989aa904240f0101367b83,0
0x5ad586ced7ca94b5ece33bf4d2b2d498eb0889d8,0
0xb4e71601446fb1dba84dc61bba748421deefaade,0
0xc03da45ecc5f9f505e5d913ccacd36fe40f8eba8,0
0x759694cb60a966db202cd6281600214694ad8ec6,0
0x517d56b078f788d33ffb0af7bcb88262bc71cf40,0
0xe474fbfd5a7cb18694e60a8dcf45a0671b263f7e,0
0xde3c3423406c254509eaffa22b6730da9dacac20,0
0x875f5d302ad07e16656c47619067f19ee9e5251c,0
0xd3eb14dc0b8ae87d1c3d62701c2fa68f2ddfc5f8,0
0x9e93f8d15b57ea79e9f89c0d94d6fdec33f16b3b,0
0x7b5d8d587ad377e4162890e648792298c422f3a2,0
0x2fa09624e7ca7125690e64c5d3a05d4b07abf359,0
0x4e79555734d08327117e1f9977b01e729fb90f40,0
0x7b376c6f62d041ac2e901b2e7a75a99bb87e71cf,0
0x130b6d9a2fe8dc749d73842b555bde50651b2ace,0
0x550e499a8e5b7ef90c838750b8485429e0660b48,0
0x9037277180fdf100c3f196bcbad757ce386d84b5,0
0x98c4eb382aec43736a7286402e20362d10ddbc1f,0
0xe9b56a54ea0ff2024447754307c8a0da278ef647,0
0x7865c870035f63e7a85325539f83499471a5561f,0
0x40b67cf3dafbb0bcc69a43f86a8f075d19f28bf7,0
0x364442c147648b53aeda26bc64a1f5492adbf99e,0
0x3551fd3f935861f270da50a1e579db086a416766,0
0x94b2adf2fd6fd9a68caef841ef067892076c95b7,0
0x6741f79514944c396a09ccc72889aefafe2eae53,0
0x1062c0f5e5b004e7f47c897959b54fb2d366626b,0
0xa770f556ee0a7acedbd72df0ff274ca51e1acfa8,0
0x3351316fa510838088ea3c5ba32b10f5d9cb8957,0
0x33dcd50821f58c5f1f16fcaa3f1d3e496342fe14,0
0x2696155d465796b89ccf8293a4cda4bad884f216,0
0x25bd9c5138534119b4aa4e1475b0ea5570283c47,0
0xc5564fbac229496a2d35251dbbe0ed31a8c1e0ba,0
0xe1fdc87a002247549c989dec27a33058d1638a0f,0
0xfed6a8638b2447c8f8833368aa100ca44db9d94c,0
0x156047deefd9d37ea9a069e993cbc0388ca52722,0
0xd95e0f5d1ffbe6ec1043b1b10a5c8e09951e543d,0
0x68a5558b363aa67ee603c7271053699c769a23ba,0
0x42ee52a5d29e013c4717f95b2a00f6d80d7456ef,0
0x9110b9d3b92cfd0ae3d4d07063a5695291c769f0,0
0xbd2173a4bf72d43503d8395f6676bb4711b5ebc3,0
0x759cef2a4f75dc6d94f60542f867a185aa9e99b5,0
0xaf63c5d4b513fb485c7955f186417a60142245d9,0
0x324ed2114ed6462037eb5b29b90f195594d30ad1,0
0xfcbfd0d1eb186416a3e03ccec6c2071da33af40c,0
0xd5d053a1103e28294fe855cc97521767f9ee88cb,0
0x5e4bddfd1a8b7ddae69931ef3fa634bf444abfe4,0
0x4c0de9c35f3724456fd2b01b606f156a09f35f9f,0
0xfdf32770b44443662d1efdf20b85116c177af5e7,0
0x8bf97d8dd77148cb7bd2dd1a76fc714cb1f9b869,0
0x4b49f4c7323f9d3c5db8190bf6d0d0f8b26010cf,0
0x154fb71bca05f68e675dc142b180d9ee5973c27b,0
0x1038f363e57f17a27bb6f74b3e5c84f2981b5c40,0
0xe961d289389adfa033659917c564076316aadde8,0
0xffb9e5bf298615861a11f9ab4085a5536235d007,0
0x7caf3b939099b78793fa8823c561c61ef2201b26,0
0x89ce671ff516dc7f1e4dd832513f85fe96415d78,0
0xa5aac12fa233665d3196559b584f6ad5dbfc2bce,0
0x5c598da4e3eb25e9a81c0391a6ca3845915dd135,0
0x2c61b1363e305747246779231a842eced34c1200,0
0x933227e05b31697de24272782653ddcdcf60f6a8,0
0xc4e26b9f3142971b9aec9cc29636672657aefe72,0
0xe18dbad48fa62b7566a8e3c63eae51bb07f09d36,0
0xa7a6370ac40d2137dd0ea81f235266bdc0bf5f85,0
0xd344023e2734dd23b7a24f7e6cfe1d4066a145c8,0
0x04af3162e71d9a587dd2390c8191547fcaba07a3,0
0xdd4d01b18d7cf16f4069741b297fc0fcdae72c6a,0
0xd14df5ce62e8db84138ca597d9b105bc1656b705,0
0x40d2d874b1090c400ba7d8036fae0087413627d4,0
0x5b0dce074b1a28ae03a107ed5258fd8245a7feac,0
0x4ba5b0d47601a194bb486430a4338f1e1ead0f86,0
0xaf5a2cfa7a6a366d9d4849fef119ad562d8c60ea,0
0xf94a4eaa012835a5aa48bb5571ba66e84e90ef18,0
0x4c5c1c60452fd7729d89d0ef4e2d7547c026aa8e,0
0x787bf59d47bd0e86609138ad059bdb6186bb979e,0
0x7cf1a5ba692603cf109ae1dab758120f1f3ade0d,0
0xe9673745d793e180d5ea8db7bdec24a1505c1dbd,0
0xaca1fb42ccde96124cfa934bda7edd797b31a550,0
0xc1cb7e9d25c93e16aca4ff54c9eb6c2217e73d18,0
0x54813e6222cfe2591371f3a4af4f7a5635c258f0,0
0x5d4088ebc83e659ecc4d350575301cbbab5f8d67,0
0x163ff78ef6e45b579ce712c3987c417ea5ff3c0a,0
0x84f10492d2e2c303c19484a6119d846a7df41fb7,0
0xb5ceed1efb09ffb1da33189723eb3a1551f49de4,0
0x22688c4f2f235ed243aae6bb3aea311b21fd6dc3,0
0x2537002143e2b8c005dac4af81b0fbf65fcd8873,0
0x9498cc01af9b0d77e137b5d82d980ee353083463,0
0x5abb95efe8fd30ca087e9c199345fe19c6ae6b7c,0
0x80a048e1398b0e86d75663b2afc6e910715aa56a,0
0x5835460d883ac4e0a7009cb76e197d357deff56d,0
0x957148e37c67e67dba8765b040ee13e2b108868e,0
0xc07acbfb8b59a7bb5ec5f6de19a7a0ce470dcdc1,0
0x54b5d4843bf47d6ea628ef9eba3cfc53fd136ca0,0
0xb2492e40dd9b473b67419d0a91dd58c7fb7d84cf,0
0xf2e2f67ab33f1de83cb050065ccd340f2f9bd756,0
0xf06919683cbffb4852cda878c5d42befffd72d40,0
0x7e772391b4c606c5ed9271cc77f8dd9cbf791a8d,0
0x0d674d8600b1424d835f1e13ff9f20ac260ab1e1,0
0xa7452b08a633108e11449e589d1a3cca0f6ad873,0
0x6dada19a1ad2acbb441cc19c5c0096702924cb5e,0
0x2ce163b070604ddb34126c964bdbdae21a6c1ba5,0
0x02e2232b393f44451fca0eddcb4b22b81d14206b,0
0x3c180232ea26c765b62122fb92cac77795dac234,0
0x74a3b9c7b8ddcc2307ea23722713010dcec673fc,0
0xc71865ca9fd2ed5a1473b2a36e18e1c00276d755,0
0xbd2d57d2d2bd1018f54d07694b34f22c2d83356b,0
0x5c2c5cd953541a803a6160ded53d0826cb34fe8f,0
0xeb927486b10d935d9eb586fb00aa4d1979ef06b5,0
0xe42c88b4806889657ad07fc1d54d0e0edb133527,0
0x8e7bcc4cd346261e9c79b0b570a4183c9d85dbfd,0
0x92b9bef2896ff76171be48ae147f4798384437ff,0
0xd34327ac3717e25242655a993257a13e67c08bd7,0
0xe32e54fb66d937cc2d0e5a70aaa436d3eeb42cf1,0
0x4a2ee7b53f5b114d2fd54cdf0be7424200c366c1,0
0xe0f1d6f9b68ef308ab06061e74c5398466aeb656,0
0x4027d1225787666fe929fcc66fb2d1110e972b26,0
0x5334c626da2186981df072039537e041cfcf3fe2,0
0x7faa2cf863f23a625aa5f9d25ba3351a76db9074,0
0xeaa67625b6f965173f3328d3e7fd3257e626461f,0
0xf0d4103f5728f710c2c7b4ac1132651d5048a60e,0
0xe0907e240d2908cfe788ef917d42862de33cf1b5,0
0x64f0dff95b0cb5c52a98d9c63771ab92001c20dd,0
0x08323f7c931bc0cb889d98e05a7bc2c2b7586d03,0
0xa948115c4df11472d20fd6290e264e142e67376f,0
0x7fba36670096933a15dbbb895d7eaa2cdcfa9a35,0
0x6355d1738bdfca58c408bc8edc6c37f8cfe101fd,0
0xb7ab4d55e556d59ac248187a0505ff1978125484,0
0xe91b2f243b9b06ef02f134f89e276ef5240b8d0a,0
0x30d315ff624cd59bcf77743f1b8b716fda63f55a,0
0x61c515ea1660b8078b952ba5eba9e9ba4a96a559,0
0xd0d3a2a5be543a300d301b8e98b4e943a6ed8233,0
0x4a9eea5dc14a212565be261fcf76b6682297452b,0
0x529857d2882726b02695e585cf6d3609dcd55abc,0
0x358f795a5ad6e6a9e68dc5026cc8330bea61ac47,0
0xcaa2bace4591c8d67c6814c291aea468cd71d41a,0
0x8413489ee6cdf425f0551d405befc312f690cd07,0
0xb35680aa8338a8bd625374e3b9f11cbc6118b3d5,0
0xbcf285e6bb8c6df7d29bbffe1b66fbf70e6b1b95,0
0x32f23826e8b4cadab692b496a4af67d32bb2596e,0
0x1ba00a7ca2979455161de7b6fc6e21921040847c,0
0x547fc5b6e9fed997514c02ac0e107e9571ad3c82,0
0xe4b81151a7e4f5f601329e80c93c90279fcb111a,0
0xc2f0e624377c302bb8abbe942f726e78044e0964,0
0x3fd2eae07105fb1314451c17c8295ff49e1af526,0
0xe027cf31c70e0b1de9b876c551c7c706439e614d,0
0x802a5563021c1a7eb283047e33e66ecfa3ec05dd,0
0x4a5f785609a8902746d9278e79460a2080dbeb35,0
0x3aa3133aeaea339704930cc6f2645fbcc53f2347,0
0xbde8fe6506505729ac3476b5442a7fe601465ff9,0
0xf3c533db399923de3382d1aa1e68ce8f497d2d60,0
0xc987a78a0fff28e7df8639c8a0055889eb174744,0
0x046e59463348f6b7192ab42724db65b3b8ed434a,0
0x2dafb95fdd843e398dd63069840228dee1adb47d,0
0x2b925ad8ad94e940ef1e8e998078370fe33090b0,0
0xca840202acba9c024244de98310ee0044a2110ab,0
0x9fec887050a6752b99cccdffd51b7ba3a742d208,0
0xd87a34242ee7cd17d6f4cd5ac9dec63adc24fc89,0
0xfaa88a4e625997125b2991a64e908ce92406f2c1,0
0xbdf22a5d76b963e242b0b15c14c642810d55018d,0
0xd9129e4b3e1b8425aa9fb193b7b9c8b8014f9189,0
0x3bcf895e06274f99e2e1eac04071a9edfb1beeee,0
0xfaf5c0ac5c36ed7a82c5505a0f03a921ce1724a6,0
0x1ed66f407400bbc838d0a86ee4519e3349663412,0
0xbcd03999fede9f2d2b4220c34cdaeece9329f711,0
0x1b48413255afd070e68a28551e75574bc1ec94fc,0
0xe9d249a4384fc21b279b98feec9c6487230058d7,0
0x7aa427610abebadca906ae79403fc85be2e6eee4,0
0xff300c72976b506135e0b7a93fc68c08d7d2dbcc,0
0xa7f22b92d7eafa907e5baf9506ecc53ac35e6046,0
0x2a2d6fe2f3840107dda670df461d161b19895b05,0
0x641bd43ad67927a09b343f09c1ff83fff05c818a,0
0x44eb8da6b8d0cd1c8d631fd8f79dc829d45fda3e,0
0xe196653872606421a1cf47f126e83c1ac3ded52e,0
0x24e4b072bee5f56c96af6c9ee4a2fb126f5f6adc,0
0x2e4ee51f0ef608e744a0902c3c9f3aad63efd211,0
0x9e5731b966d2b1a911934fb66c93a8ed3201d70e,0
0xb58ca7f10b194a400ca5ad9eb01e1370e43eeb18,0
0x88d2025cd5810ca15c4d9c3e24c407e070e831da,0
0x2fabe4bcf477899c0ce0d17e24e4f4f5a5cc9051,0
0x3b7b6a68276def2fcf1bd9cfd067c0fcff1099e9,0
0x200e87d3381f4184efa9c8c15227f132b1755f68,0
0xa8f8efd4b6377a5ff26f72f851517a8ca28fee52,0
0x26bd18452effcfb9db0c9dbefdd74eda8fbf8aa1,0
0xd0761bb321932eb427d3d28095a2c7af22e2f77f,0
0x0d7cd2bed3c36a6a043721bad08da82d7123919e,0
0x21725a72dc63cc5d147a1d948edb587ed1cb4190,0
0x296c7ccb7bb23aae94bd75c3ec67657dde8385c5,0
0x8420e1536c4ed6cf13f4f3b467fba52cf4985940,0
0x14f6b77fe2d295a0c9c092fed6606c8835f10ec9,0
0x65f6f5da3b3d652d4781410b4c865c040eab3683,0
0xb27782eb3a4886ddaedefba241e8d211896e0512,0
0x81d132230b83f668833bf944f0d0b00567ee24b8,0
0xc360c803453ed946506e1b5d140cfbd6e814bc02,0
0x965e40893088110b846ed7d0856b591f9a0715db,0
0xfd17c51d1d51584c3e1f80a97eee3269f09caa58,0
0x3057868cdb25fde0e20e30afd3d3189ec151999a,0
0x7ea24e52fa69dad211eba179b1a1927d3e4e31f2,0
0xd3fc96334c3de27a300438127dce732d04232535,0
0x0de59bf58708effdc1793e7eef50e84b585a83f8,0
0xb17c66c5e347c2a8bf070b40bd8aca4384892257,0
0x6611bd755923f29e6484c94d5fff0ae6b2b00731,0
0x0f3e15f0685524d0cbc5f804a8bc5ede599393e7,0
0x3817bf98aca7e31964e13306a36140eacba38a33,0
0x5f10324fe21bbff360ded693778b2b3a5412bcb8,0
0xf4b07b25dfd808d926c0a62c8d92e02c4156047c,0
0x13d817ca4e32b2c3accc31152a3fc16cc5f1b436,0
0x700715daa981eedf2bcbea100fe72bf17ef23078,0
0x33ef12c7eb74f757ba1ebde62ab76adbe460b1c8,0
0x5e3a9aa8af0f0b9e591a94c29a148e9d20955740,0
0x944ab3f28cc99d66db36280817098548bc871a21,0
0x34ceeac48da1a21a59bac74c7e4ca08328d093cd,0
0xc6d0dab667c2d0a3c025038f35cf1dbc86d71887,0
0xb2a5324f1209837f14aac694085b5757dc81f442,0
0x22013ad1f0ce3ff3f878776449fbee8c820dba7b,0
0x47b6b2e6d934d14141e25da0deb7918b34362c74,0
0x149f7dd69806af951cf2e6edc93ff10566795b35,0
0x2af511e006d0c3c8672621f6719b435a34041d95,0
0xbbdc09f367fd123e8ccf38a7fd458ebe73acfef7,0
0x5206fee65b794f54c8e74be6bad1b614f6bf592a,0
0xef3ca2dbcb1668b6b7424318f58cdf69c1733c2f,0
0xe84ba5c304df620cddd49d56350a6da6e03bfeea,0
0xbc29a8264557aca02a27eaddb525b6774e5440c7,0
0x3ab3f4a1221f6cc9c22d2b3e3643047e2ac629e9,0
0xf2a4e0af83d813ebae5e3e744ef78ae07c2d49f4,0
0x7ce36b3c0c3efdafa539845f118139f99ee89d4b,0
0x051437e9ef03101b2b2df381c0ac78b85dde6f1e,0
0xa5593dfb32023c2b9fe11b0342aaf2a45eb78d46,0
0x1130db50be17177780aa33da2e3eab415975137e,0
0x922cd67f3cc535505b8cd832435be8c1a0f57bdc,0
0x772e41b09e5f01d947b813c9c7da4719be481f90,0
0x73dca27c3ab67acb0b6aae461eab14fa8e891add,0
0xa601b0ab854b64e7cf061aa29087e7fcf0adfd57,0
0xe6b75eb129370757e3a319af1da6a8f35fcbbf1c,0
0x7cc4bda5745fe3b275cd3d45290a53fa01dba5c2,0
0xd8116fb54b35c712a92d79aeaed78329d5e94f86,0
0x0fd371fdbe4ba404a77f19aa7490cc5b57ecf94c,0
0x8a0d139e565e97398f5a87666e1910d2d1afeafe,0
0x1568ae28109dfdf804436e2f1fc66cd13142a9bd,0
0xaed7f263cc9cf51a87c69bf86806a838c5cbd41d,0
0xba520d049d364d4cd007c88f914236d37c316432,0
0x98e107b554f80d6717f2feb8051316e61aa7e62f,0
0x95959a8d64490fa03b6a172d1e57bc18df81c872,0
0xd77477b2ac11de193945cc101fcd00491161d66c,0
0x292422475c56a405ec84938a88395ed8ebb3519a,0
0xd31d2d85472b9cfb91b3fd5957b803e66a0d193f,0
0xf615926f0005995faf6ada84093600f05f10f8b7,0
0xf5c20aeae1bf2786ca27f64680c3b9656e82480a,0
0xa7f126ee40b8800b42697548c56b6f60c6bfc4fc,0
0x8ca92aeb87cd8a550b88aa027872490e0a3ef5e6,0
0xb369ce180292c65a5fd3d79ed46b3c03d5c77765,0
0x7451f5a7d8928dbf023247934e083ed0bbacae24,0
0xb6586b13fab2cb510d9fac3f6466ee6dc8f966ca,0
0x202df931578ecc27e7e20b1a4e9f553f83964d8c,0
0x6e4b826a4de99619604dad414295ab892b52bb2c,0
0xc299aec3557a6e3ad6310ceffb08c90e16295a56,0
0x57aeb252e1d6b91fe6c7f2c479b1b10cdb48df58,0
0x9aeee033bd39953f347c24c3563e747aa5594c52,0
0xc1e30c380c65c29d8e744e4b45699601e1ae5cac,0
0x37de50c3a2c4a5195980f23fb6fd6de6e8877cd6,0
0x1615538855cb7f5f08ccc14c6f665e401078da34,0
0x8e581d1af747aadbf3cc5eb719813f4987322cf4,0
0x8852cb63ce8c3f29bc49fbb90855b8a6cca0e41d,0
0x1d16bf84efe0d147c7aab0dc47c86fde7081d8f5,0
0x7734e2df607dea557e2a74bc8cec3fdb288a63c1,0
0x91f1114e4b503a2d4de454eddc5867f7a7b525e0,0
0x00cbd6500ecfea9dc00cd711e7a516886392edac,0
0xc614eefd1ef5e7b98ed9ac66bbcd5fc77843f454,0
0x627ca9659ac731b42e72b48000a05efb3f96dbc9,0
0x7fd5dca4c928a8714d3f42c894bab8e8196bcaad,0
0x9eafa925ff19edcc34eb3947bbe26b18ffbb7968,0
0xb55f2296ba6ef6db51ede5a164276c370a625d3c,0
0x55c005a2a9be94540bbaf8c86e981feacbbc4759,0
0xba820b78e862e93433d2f4b208a54ac39b95d896,0
0x686068f266cbcd727ea0ec056c59ca3e17a53b8b,0
0x7de2021873f02c1cde62dadbfbaf523b35535da3,0
0xc271e3b098fc32135ee91fb461b4a67249fe0fea,0
0xe69d5d40ada081e87657fbda84c12b22724574ab,0
0x90e7a050f6725e2cdc14d369fae36f7c5e436347,0
0xdd39cffd592473e3f2de493a43f31d6f6d034740,0
0x93b82c1fccf8b68d2cb8b8859d927cb687cc3508,0
0xe6e91b6c24d8f77eab4d2628738ac4cb8fad98a5,0
0xd87c9449d39c12df730e89911eb7fbf6f6e07be2,0
0xece4e16f14cc6314dd600c81f7c816e36d9af27e,0
0x9806433e9c7f3d27af2630fe088a054d2039c683,0
0x3c7b90fb82519354ff1f4e2691d524b6c6d3c386,0
0xe7036bf9423be22251e91945c3ad223b8ce4d008,0
0xe2955f5b8c19157234cfa5cf831cd43fbec445d3,0
0x7043522fc40304009851d29bef3a657800752aa2,0
0x106f76e546ac1338e64139b337e949878f5dec84,0
0xb52f573641b33907318e3284d29563171954ec60,0
0xeaf47704bae404e76143ef19339a9c04359a0460,0
0x21e4cd29b7d59810e7a68dc8e60a3beee09c5fb7,0
0x1d6b4edcf68267caf60522132d0270d2c41b7839,0
0x9a9dfbe8ba81087f2d94bbb2ba34a15b5ae3de6f,0
0x33c4497dfcac0e84cfb0a247e4fb907477041357,0
0x56c0d32ee23d20261aa6f63376f4f75dbdc25b0f,0
0x6a9a117ecfefc1f347522c088a2104ca6f677b3d,0
0xa9c1def21a3c34b5e4a11b8cbc1c28bdf0d295f5,0
0x26e71416c6b5bb9646a770e99a4fb062e602c7d0,0
0x2c5b7da36f3221de1c38972e62b0eb1b84c1ed13,0
0x5bf1ed3e5a4bf216d3e0fdb4d08561685ebe9085,0
0x335437d692fd4f89d861a93ffd1d7180427fc510,0
0xcb6ac452aa0b09a629577e9cab1c2e21c66c1707,0
0x289b551a343b15207e68382822c09ea40276c4af,0
0x0e56b12be1872b4c04ff7bf0426768d3fe782933,0
0xc1459e92ca7f25a295a7eef10c703a3525cdd6c8,0
0xe3faf615a940cf232cd4970c4a8fe0b220202ba2,0
0xb398bbbb41859f47f420b2a78d46746d020d65b1,0
0xafd52d58d8770bd3f81c866485f64032aaef3edb,0
0x594239859559edba6ab966cd7aa2f0d7b1884adf,0
0xa9a70cf29f183743b0f8647fdbc2fd575c121087,0
0xfd01af07a4b879e9abff349d131f4d8ec5840f72,0
0xe4ec1231da5ce4288280b4838830d4967024ab51,0
0xfd6230f3cbaf343b33316f455d56ccd939c6f759,0
0x50fbb3d3bffa0c95293fc9f07dcb6846ab2ee98f,0
0xb3ee6e9aac2009cb462ec601c07a9a517efd3238,0
0x512c22fe54bcbd55b946303ac7a2a940e9006598,0
0x7a4bae120fe9a9d3615ca331786d1e43e1993744,0
0x8ce9b485764b985c50f0682f5d983ca9345b5224,0
0xe2da8ae0fd9645aa39d24ce4d9df49bd6df846b4,0
0x8c71545ce8584f192e7a0a1fb8a4db43a229d51e,0
0xba1f7631291b1028b2e453ec766c7f2a1550d955,0
0x79027c60bafdb3629ce45d84d486642041a85849,0
0xe1adcc3b3dccabb69628a11d7f81bbb0ce572fb6,0
0x36493ea74b7c70292027455ed647ce44507111de,0
0xd776b847f4fd516c16f018e4be294aae1c66804d,0
0x303c4301de61017d9e2bf8df54204c36aaa5d9b5,0
0xa9bf599847197cb5187717b00e95e46616dabbf2,0
0xdf8c664b8bfa13214653bab7d439fa4c8fab4438,0
0xce8ae9df1f94e8b111365061ebabdac7aacc7063,0
0xfa98c4242b38319b9e429e0258b4765199725274,0
0x992007fa05c20311ef7db0237c2f5b1a81424ff1,0
0x1d7da67c258164dcb42c143b68a236ef5c9f7a33,0
0x8746992a1837a7c45ca4deef9eee496b6a9d1615,0
0x6630b6b30e57fbb4d4ae5e68b15f45b8798c3aff,0
0x164b571cfa707969226c30fcbadb912306681ebf,0
0x9fca911df0e17f72c941a65474228f18b691f6e4,0
0xd1b1fdac12c5e67a695f9ce1ad1a5a9459d0ff74,0
0x0404ae84ed6724053835919c16aa2a27e2fdf30b,0
0x314e3e290639401b380f2d62c6cb72929af12d86,0
0xec6de428748d486ff55654a19e3be56498696e1c,0
0x407237319119fbe6b9be3d537c35696037c22d7c,0
0x2739115fc5c991a0b3344fa23fc877b961dab4ca,0
0x3aa97431bbf9a19db2d0d529d32dc5472fdda6c7,0
0xd818c90299514d9c9115dd6bace7349944fde4fc,0
0x04703cbba861a6f73ddf15f65c568b9fd9de8c32,0
0xabdc2a49cdec1ec1b26aace8b41cfed22ff5caea,0
0xf0a67686e724b6d24ed8edca492ff9cf6ecd04b0,0
0x07519485d3cf974ebb5afa785f6def76904ca473,0
0xafc5ea0fea8865ebe03564023f3fb67888f4e56b,0
0xc5199043bee7d42ecb0d51403b55fe6e23f05a43,0
0x2480c486d59f75066d02ad824a6ef16efb4b8bd2,0
0x890330d01f4d8a9cbb1d4fefe0c65bacae7970b4,0
0x55626a08d5c34cdea2be00561d26bdb91cdfc2a5,0
0x383ec4309d0a96469b8da9ce1228239da9816c64,0
0x806f8e49bc2dfc75ac89d290fd9df8b2e6c252dd,0
0xaff89a5ee7dfddc41e46b11d6588e7870028ff54,0
0x716efa6187e6dde84ad9cae6643097b5814d1531,0
0xe0ba57c57b710b88178c1c839243e77f073d5b79,0
0x277eeffb212f670418ef634f74fd2afd38c8673d,0
0x61b331975170031c17c36b3d320fbff7cfdb9da3,0
0xe78674c36890bae1a31cc209f22c5dea5c8e879a,0
0x162a8c75a992c4e3f43453aac6bbb07231b4debb,0
0xe52987fcb16a641d9807241203c80e85abd0ef85,0
0xe300a37e2010ed837a3fff805e83d8e7d697a2aa,0
0x16ef358e33673df1eac4c4e3f722beba69b617db,0
0x2e8619dd8a535fa7fa6f342770f351420e9779f9,0
0x2f4d5e00535e94d70cd7cc480a172b7f6269c2d7,0
0xa8f9b30a06d34998b2a662b5c015cde3ed481c09,0
0x6ad315bda11a17919fb6a0451b49cec2c0cc492d,0
0xb3d6594d6f5c1b43f5e297b1444a3c21f2a0a03b,0
0x9c4fbbe933827e22d842784c1e127bc2760cfa0a,0
0x3543f9c7a30e6fb5f849571e1e83f97936aee98d,0
0xa3f727239f15cddbbcfd522550682f151e82c353,0
0x991be5c4c35ea54b0392dac410e8aa6bc5a7f073,0
0xee9690c012c8b1011ccd651d79ba465edbc98498,0
0x64d17b986373f9f8700aa800f78e65b5e1a8bab5,0
0x50a1ebc54632d1b8596b87be181baa1c14704210,0
0x7cdd3c80ae559cd2be1fbca7769adbfb3b024c80,0
0x7356cc8f66faac8d52afff05a20bf73cd860fcbd,0
0xe4a36a2dc3b64af47718b1a9e2761812c2577d72,0
0x6282dad5ef436719d98b6a3c47cbf8559c9c3513,0
0xa7dfe5ff94f13b0752c355178a8e597957ac5a25,0
0xb8d3c1e94d6569fb02366120a2a6e0c6c1e4205a,0
0x01fa1139c154b0d6219ce3c194f492cc8878de29,0
0x1f914894f09a2125b0677c59559d5971db35be8c,0
0x1adc5b837b90f9a3e77705bdd43731b89a6c5c16,0
0x20675243fa8aae4f6aa56b7ec2e28bcc3a2e8ae9,0
0xa955b4cc0e05e9584b76cddb8d93acd95dbb56e0,0
0x1e6b156167e8b65dcfc120de43d899ab6ba312eb,0
0x8f049848245ac64170294a72c7649ebbf28d3135,0
0x8c2f5d800a7ef7cd99b24b902f4358868c4f53f7,0
0xf96f76452d95a5d4d79b78bd45bfa3018d0694f8,0
0x887c188ecdc0ae946ec49f6405c5d04ed41440bc,0
0xaa141ba14e17e0a7cb45ed1bbdcc1a03fa9eaf5f,0
0x5f412843b333643b19c6e3f76face0d4b0a84548,0
0xd069b1b8aef5a7afce86bbcdfb52b0bea873f466,0
0x3e248b30fac4e61d5e65d2bcd053245d7e2982d5,0
0xb080aec5887ed432e74f13767b3d8226d224be6b,0
0xec0b16c51d53b104813cd977af514f69cdef1231,0
0xe41b42c165ea3de8ba047158806b289e29b14ced,0
0x87ce0109f1d2ad938aaa5e3a7d001b20fa22d3d6,0
0x6209ab42d4f4983fd0553a07dcad5228504623bc,0
0x3a085f97cc4e1e9bed40865d3263764a6416d298,0
0x265430611ed465e6fa8a31c880c505e804b7774b,0
0x4ba1a8f17602bf4bfbe19357df6d7c155f008459,0
0x4859488582857374cd45dc99b74698bf73489080,0
0xcc434c45021227022bbadb959befe6c008a8167f,0
0xa544c5203f847e9872092d9a93607ae9b73b78e5,0
0xfd45f19052e028ea6c93ac549c3fe20caf4aca8c,0
0xa917b31bba2ede09b94ffd5d1ecc9b4e102524fd,0
0x4fa7ac39eba1783ce1507a1e3c7233cd22332ee8,0
0x816572aaa68b1e7c0e2c922e92698545edc4f4ec,0
0xb1b6a8f54cff374477d37db241a1bc7bf6860f1f,0
0xe2f9c8a2c4078b676e1c009cbf537f2880b2d65b,0
0xda938fe4faa9ee57dc1f5c8a4df0c3d8fdb16bde,0
0xcb58cc4140388b476585b48d5d68036700a75c61,0
0xadbce9851a2e0dd1ffb356184432e8e797397f71,0
0x930c70d92870689a053763c6945e1446e5f7cb6e,0
0xef71f0075c5c9878677c1b50fbdb453271042ed9,0
0x2c9855d1dfc3ca2f2fc207588973198be01c7133,0
0x296e3230f60302c0cb24ce8fc824249ae84f0526,0
0x653c8df11988458aa0ccace44dc47f3a93d91239,0
0x3f2af47d32744d12134d5b1323027e76c88569d1,0
0x547749b7cf060bf9af9c8abd2856b99b4d2ae527,0
0x0298f9bea968be5aafb13624fd0f6300e8b9d01c,0
0xe50dfd359bed296c4c1aa9ab72b2af10491bce39,0
0x12602fdebb12d0dab3c4125e28408473acfec08a,0
0x5f0849c4a63b0d3b121935866462f94d46a28819,0
0x8b28f56d9f03223e2bae4d644e33d44b5c1b9751,0
0x4dbd837b4398892f76b6f6681a5a85262d1c2bb1,0
0x773b081a6dd4280540bec659b0b3e5f5f2a2facb,0
0x4eb9607caef2255ba379a810178015c7a7beb9ff,0
0x12f3e6685b76988e969810e4efb3b55f7799c2a3,0
0x5b0ee5f6781ca275dcdf19147508907556f9f76a,0
0x245c48c047ecaec5d6828561d4d9b088dd1ee8cb,0
0x392f8eb7c16d57e4fd14737e5dfd33df12db9812,0
0x6e40300a6fa9731a9d084834c069d3a7eadacb59,0
0xc312c2cbc9cec2592b9dd762b06aaf4607f250a5,0
0xd8d89b80ed867bab1af4e429238ef8c6c6458a00,0
0xe9eb3908cc2faa4a2b8ec1c9bc6c0882f37795ce,0
0xfd3014d26d103b85c7e51363fe7ad9ec75657764,0
0xf41de35441e0bbfb466870f86ca702e1e50ad850,0
0xbe795c3648f721ab0139fc08adb284eb915f55b4,0
0x9103c6c18665e6df5bb7ffa338bacef18be94456,0
0xe6e22c3792719fd50ed622883159b4f36e991b8c,0
0xa72a37689c13f69680277fd76aa49c7cc5302ac1,0
0x11d6027bea97f9662d2ba5fac5fbb77af758c336,0
0xff35ccb272d0add0a8a16eda754a79492cdd08cd,0
0x5f36ac5559fe75fa82c300a6011aa8fabf85731f,0
0x4e24b7ff0283009e264607f2f1473b0f42f82d65,0
0xa1b1a1c2d94f66cd258a972b3d415d5421134ce8,0
0x13c0f68ff60a331cdf0cbdef00660cffba01c221,0
0x1de1b41cccc771987db30a09ceda0dd5fe73ea17,0
0xdc734374121656f480728da401cbac5920762a73,0
0x0e6ae93ff2b1b1a8fd7412ac2cb6acbbde3d8de0,0
0x2dada83ecf6e6b56aa0234ad686163e3f66aa6e6,0
0x956f856740b5fa537ec88468aa71b3334caf9f9e,0
0x93859cf780f4deeb415cf70eb58e50c9a8ebb7ff,0
0x1f6411f364e4e22a3d144ec4a05717603cab2952,0
0xb3a647467b712c827253c3581d35feaa87a84992,0
0x8e256408719db1b4eba7403024165b9fad583be0,0
0xfdf251ee147b7a475c80d627e0e82a9109996cbb,0
0x344a8bc99b1ed439d134a40ae0521883ada6ff3a,0
0xb45e8aae3be7b80d82a0995774fe36b7ea747c7d,0
0x391604ccc84b0f55817609b3841242207d5b54b6,0
0x2af190c2e8511cd0340dac0132d0236fd384f741,0
0x699abab90804fdc15b5ad8a857a387c2857304c0,0
0x1c14ec2c4a60bb3a66bdc9e8be6b50879cf10fdc,0
0x7d08b119c1d2c7e655d91e6e771356f70644979c,0
0xdd6f7e2fdd9965a1ffb17d4759686d84087ad3d9,0
0x17cb4848bccea8c4f7f7d3ddd0928f5b66fecc4b,0
0x83d7a11e324e348536cf1f0c41af7e438cbe93de,0
0x01e2f78f1b9eeb99fe285bad81266e9ac7f8d2b3,0
0x8caae705f45b35b2a7c8eb57771a763c45db8f01,0
0x657d11d0550fed7c0dd6e4bc80a5996e455969d8,0
0xd5401fc6c4879703b67303fca5eea708f298f40d,0
0x5ceb358b2ef20d464b45e5d945cf00e191e44116,0
0x00936731d719676bc8da501271e76df52023a1a4,0
0x6e7e1ad706dbfcee626ab0cd4799c143332c1174,0
0x62241976aa8270ae70997fd4388305f3bd9aaead,0
0xd0604240143d1bcd1d97500966a6a4ea6a1865c5,0
0xfca39fbd57ce15c99cce31c37786bf474b26b4cf,0
0xb2a0cd6df87d6fcd5c68c0677c0a356ba94f3a0f,0
0x765779e85a54a098eea2c7f9088788cf000a3cad,0
0xbcb97a84348f1e3b6af9727cf38568766f14449d,0
0x68cb064314895dac82532288f390a84c2586f10a,0
0xebf6d8a6ac11142dc2eb4180f95b494cb86f37ac,0
0x8f51c6dc47aac61637b6be107ef08c7053c5dab3,0
0x9fb764342c87ec85f951bec1f2dee1018e5faa4b,0
0x3f2413aea9e40be6c12e1a36af865184e56b708a,0
0x7e29556618b5c2d003de3be3c4795a964683e2ed,0
0x74ddd6dbe6d0d6f1b9e42895b5ce644df451c5bf,0
0x7eb72e239cb8938e94b70a5bf6502e65c66deb0c,0
0x4fe14edb668c9f93a82ecf18f865fce24d8d5c8f,0
0xb8f2592f99fc95674f2f4b5b18d47ee73e597848,0
0x9d463299ef9003eea11d028050c1b67789f05d61,0
0x74edf5762823b37c9f13b4dc46acba6535cfd0e6,0
0xe9f0d3ab962a0e45238ccd3afe747bc3d5afa37f,0
0x5f3ce61c5ca245e81560b5f51911c80c8bb8877d,0
0x95310ca5becfc6d0846faa8d8771366f857e1021,0
0x8c649380bfb17bd82e91f89be525c8921fcd4215,0
0xd472cc23a2c53298a393c69b8856a61678c967b5,0
0x179635bb4dde9bbb81d31c9a21dd12ba6b188d42,0
0xf9840f2daf8ed82284967e54d1f492d197306b32,0
0x59ab118374ca341232403dbe0743f650ea41767b,0
0x7d5f44cdaee64ee0366bc934b3f4be1a1b4b5fc1,0
0x142cbf5260977c0efd215f1efadab2fa2d6c8cc4,0
0x216e5fe7660b44a7b200ec98ecae02bf98898230,0
0x1c8ddb03aee5cc4ab7a7e6ea07853082759ae5c7,0
0xb0465c4ddb3e5e3a08ec07e2ddfa7ca4c46ed1c5,0
0xf94b19c166cd5eaff0ee5b2836cb9959e3576ffd,0
0x2c379f8a0db1a3f6cc8d80e1799ea65ebd000da9,0
0xd1e83e06dba00c49ea99d6ccdc619df8772f75e1,0
0xccadceca6383dedcf9b1174c4fcf28dc386d0135,0
0x81c22dcedcc83511de975932a63dc458bc9f1483,0
0xcf8144b86135474b1a99f20564ba654c00e53877,0
0x63813c70bae124c4636fce57b4574a2beec0524d,0
0x9decde2692c26544e1d9f6fd976eb8c8ce251e8a,0
0xac65ed6155a7bffe773c70f4928142480813200b,0
0x96292deee5051603384fe4bb6a366825bfbc42bf,0
0xd22d327451ed4f9f68682d3dfa40cc13eab20fdf,0
0x95126fdd16b532b5e1783cf7110a55c9f3d612a6,0
0xf51633f95ccf3c275150ad22e14dfe769ea2c442,0
0x320058cfdac7e4c63d5d183cc9e80b134b9d0c2a,0
0x28824538963cd2c639aab04f59093aaceb021b22,0
0x2afa062931d83d65473cffa006e05fb7a5d1f960,0
0xca2beb78cda30ee3f793fe6ae131afb1a073ef9b,0
0x534adc09a0da38c762df46a20cca7809ed38841b,0
0x51c8f6602c81a6064114eeb465e2339581c3872a,0
0xcd167faa412a82e455f68a018bd6bc37f17257c7,0
0xcbd673be1891bc923069aaa9d0c159582c41816e,0
0xb3edd3e93d47a541e8ae670592c4452f41658a39,0
0x30f568674c544d30e5d8d115d5bdefe8a5dc7f2a,0
0xd5b5c6773c8c5c6134d3d8da0d260538313e1170,0
0xe40ecb9b2f71bd7e023da61182c794adee8ac777,0
0x27db9650503c42e36083f7c7a46bcdc2beca6a62,0
0x0142c32465fdd6612650b2a06da8774776cad4f2,0
0x62dc8f95c5ef5741be86b744e90a842e7b84bfb5,0
0x31795cdad361923540253fbfe812643af9a8d811,0
0x86db144669b6bf8d56d32bb350532d491b608fb7,0
0xcf1ddbb5cb220f3ea17ec9d0f2b61f8f006c6ec0,0
0x8175456a40f69abc14cf664216da4f142f0102ed,0
0xec27206de27bc30dd1a2ac24afb816d81665af2a,0
0x143ce1689f580029fe0e45b71d0b7ebfc8eaec6b,0
0x76d409f211716ccc16cb7162ce6c3eba79ea6e00,0
0xf82ece225100222e259b2b9497b972066ef66579,0
0x28711da0a344cc3caf3ca279aea05b32d9999aa7,0
0x8a1161009e2ed2374d8073e0d7bbbfd9daa4ce71,0
0x35f937698f9d60c86f475b446e09c42ab2ab1310,0
0x8158861f091fc4e0abd1c9eb92a5020f601d9efc,0
0x563931a671fefb77dba8da79e6bcd332c16d4d55,0
0x1fd0a84509eef3286e4edfd8a0a527c3377756a6,0
0x2201b10ac21efdea2969c1b0c8394669eac3cdf5,0
0xc0322e1e671cd85fe0403e0604e022ff0d2a16f4,0
0xb4b5a01840772d8035be413951abcc935cfe7a1c,0
0xd5a732748e28ef9992c3bcaf4e7788289d405cad,0
0x23560180824fed212273c659f63a8d634292d0e1,0
0xb6774a954332d8e257e248f93a382e994f747e5a,0
0xd715f0d12de62e9e77a4df0ef6ca45cc539fc629,0
0x31934bd13355b489c756314b22814ccded66fd75,0
0xb71905b05f7a90d699fddc91cfd936d2356c5936,0
0xe11126d21b75ec16d8b36de25281ff176b0e0ba7,0
0xcebda4ca47062bfbf83478910b3580b565ab2c5e,0
0xacddbdc82ac5f5b3f0885df9d3cdf5993288497c,0
0x5a96e40f893580bcaa6a9bb7f95653fa73bfa08f,0
0xa0c667a29d0fc4d90d760f918555f159e7f96f81,0
0x244898e064bf3ab462dbaac8af8ab1ddec7b89e9,0
0x73e9c26f68c5e6d09f4e696bb4665211a75f1070,0
0x3c95eebf839d61e7fb19d44311e5ecdfbf23a625,0
0x74fd042500a55a8d00319a51b3aa356589b262b8,0
0x5fd0a7806ba9509481f7cc612d85d688b7df3296,0
0xd14474f9362572f63c119ef6e80478f51ce07e34,0
0x33f3d29cbe2d9285708f28cc7262abbc5a3e6e27,0
0x20730d3c81c096b45d2b16bcbf56d46bc7a54069,0
0xa8b3974f9ea35bcc0ed97e0625e5fe30b169c0d8,0
0x2752e71b9cf068c98ece8d9831cc2e411c770b5d,0
0x527048d99a997e5bf1e7bea39be136b9d5c75e12,0
0xd9e85ae4e8e357859ed401d11744aa42c3914877,0
0xe1649d98d5492c562c9a8a7d11907b7eb1d795d4,0
0x1f38dd88b3fe75bceb28edbdb7fe033c8e8b6c7c,0
0xc246327701cf6d1a0b6a4bae577efd551e4e47e2,0
0x1b2305908297f41199c62318f636c9bb728ce26d,0
0xcc6d5554b2ddba8d5a7427937adda998a98396d0,0
0xd2ccb13c2a7492e461634285076369e0c73fc30b,0
0xb00dd29468f89aad8f0a22f135d9b2298795c20d,0
0x4e9f325267761633de37e8c1f17515cfdadf161a,0
0x500f174e318b62c4057d9752e33d4117cefb277d,0
0x0d6d4ae902f2debdb657d21cdbe1cfd9ad9d7512,0
0x2f09cad312abd1bd4372b5760e2e3e4dc7f7ee07,0
0xd1c71679dc7b9ae6a10b5169cc5087b57c0da0bb,0
0xa59e2dc59d3fc66969313b50dcd3e2612f662229,0
0x3eb24181ad5057f91c111073945a9766d1b9bd75,0
0x6850b432774b17a10e30f679501c2ae1e6d530e8,0
0xb8bce7d072f600171f1094288aef3d9e12ea1e99,0
0x1a3bb612c5c5eacb01a9e8a50338ce4ad0a082de,0
0x66adf3d0bbb2bf950b59f594835f1ca25553915f,0
0xeca328f2719c3f7674a90f529819ae036350ecb3,0
0xffdba52c29ca3b1a30d8af59341eb3368b02ef29,0
0x1c5d6429b803b94ba6444afd8d30eed830c62655,0
0xb9dc468cf18f1134ae2b53022ad64b7dd7305aa9,0
0x2c3c66bd287886e60302972c4cf6365b6ae5cf71,0
0xeb2c1c29fe668a75e8d59d60ccc5affe2445d089,0
0xa9b99ac6a7a08c873387348cf4ff147ff8480676,0
0x7f877a6f2c9ad4b8a58cf9343a1585c62e654131,0
0xddc328a669a6de629a976d9dda8449b1e93e89ee,0
0x9fc550f5aa9768f6bda30eb4e7262d31173bcbfc,0
0x2a7676563f0df1726368bd2a51767ea40586079e,0
0x6006a21edc6f5fae305e1282c3015e95b7fa5c76,0
0x9e1b75e09808682ba4677c618122da2412c342bf,0
0x01e907158da4c375348e05d518fb1783e91a7778,0
0x886565aba2d73a19dc60fedaf2b43a92263bd94e,0
0x1b03dafac9cabd7b4a5c8b68a2193436deb80181,0
0xd01e857b753756da0bae247a2eff254cefd86c2b,0
0x4e59189f56c5417e6eb1bc7dd8d9341f1fb8bc21,0
0xbfffde6cc43458aee8ebd3844cb9054728644403,0
0xae9eef5d8c143c6500ec0eb6992792e56d424782,0
0xf461528ed7276ab855def343f45c11b8af0d5c2c,0
0x8f49bc4efa45e6b9d979b89a1b829abc28431833,0
0x6149aa9433e0bc41f94d019b30826df95de64a07,0
0x531fb730af232d687517940f10c61fbd5bc01231,0
0x6311ad2deac242fef510c992b565c58d07d2407c,0
0xa578386f5a5e322a15f6648e452ec3989074139d,0
0x1c60e0a90d2abc87abcc4e10bf1f3daba2b59663,0
0x0f3ca2816ae624bacc986e22c96ba6709bad8967,0
0xce1af97c460696af673fff7c6a5384d04100ae0a,0
0x1da63d3e3c6945fe028cf289ff9b421e71e0bc14,0
0x2dfa5cc5185fac9dd3236ef2d3c064c43d4c4e11,0
0x1abc01a583686ed51e8f87094944c614bf049311,0
0xde75a54d585c8e72a5775f29b978cf4c8a132928,0
0xc895bc4c47642e1353c4859f13b9d183b88509c8,0
0x8168692f78979543712b729248bd64b888ff58fe,0
0x4a74e04ec1f13373884977bb36904ddbecdd0f2d,0
0xd35f89e75fb48065134b4abb1835ca88452ac158,0
0x0cd340fb70347000e13dbccf4d5c099bee69d774,0
0x38e6bc1f5b157ccdadd46bb4756c2c9a2856f244,0
0xe811ca50367384bc93a28317227f0ad947dc33fe,0
0xeae21440723379f880c7f057c762dae96f9bf87a,0
0xee3d4c5540642a3a9a0157b005afc32ccdde04eb,0
0x497384c5e46fb2f5207f3bacfa2e28c719b4c35f,0
0x47f685af8f12becda61149bbfa23161c52d75899,0
0x0d6d8bf178c9265cfc991be9de78f2273b09e498,0
0x62b27fe4a19e72b07e6715aab2b995e923a6c753,0
0x0cdc54e8851155954f21e8590c65a0d81fc840f4,0
0xd76203b0876dbd354e5dcd2df78d051f216bb1cb,0
0x0a66d17603c8a8019a11388a07aff94a2e005bd1,0
0xd843d899a6c6cfc651981ec6546d03705b98006f,0
0xfab2070096487b91e6b06028fd0f259bf55a12d5,0
0x816dc5699900f603f351a4adb5e25220f08ff594,0
0xaed1d499f3a33101d7ff9f11179a61ef654bae6c,0
0xc28ddb1c26f188b9214a0062008b5b05d2c91cb3,0
0x1b6c803823b023b67f944a7a4b93d4fefd182dcc,0
0x53897f440485e974cca302cd1304fb8808b14a32,0
0x9ce8d2fd2429b4943c73a7ed45ddad4f1545d475,0
0x53503b4b74511a4725f4cb6a30d50c1fae4edeed,0
0xf9ebfb64d92961c1ad72449c5515cf81183fde34,0
0x9f1d37c276793142595266830f2a1ec705e2a844,0
0x6270cf365f8f346af4cef2395b508bbe8cf292e2,0
0x5bd4173f9e88707d8a54222ad4170122845a1fb2,0
0xe347c8e8f32e3b90f4fdeb1fb988e3216efa5043,0
0xee2286b66b89555e3e28d1c14119c81edae8880a,0
0x61ec4dea076f3e5331bfdf0d653c7e33989911d1,0
0x2e68db727476733b5c3e607e6d7530eaf85b81f4,0
0x3da88837f53fe0b12e46bcf4e3b4465e7fdfcb3d,0
0x29be4b8e2b5ee5e3d6e045d23c6c86cc178cc626,0
0xc3a7431260b74361e98c5741278ab8039d3d18f3,0
0xc00f79a727bf6e77cb291b22db41d1f3204a91af,0
0x90f58cf9aec48fd5b5c4f6ed00544a4d6b2794ec,0
0xc5ce6decc2f8d74ee5b57021f08bbff88e63f369,0
0x5298b7f710c24ffb7f6621cb41f79e9d962b1484,0
0x84a8223fef9ec15b56d7732edacd057ec281d7f1,0
0x593584d33713bd8753024a816ece14d63b49d145,0
0x9f3612ee4bd9212c84311219175966ba98667966,0
0xfb221ce342f27b7585a82d14129bf58bf8f4f2ec,0
0x203fc679d7dd9dc5f83b897c05b01987aa226a9e,0
0xf593a3a69165fedaf88fa4eac0d1fe27aded0283,0
0xb7e678b8657e773955799381c81585b9366adad6,0
0xf06b5c129425f6010b8a09e506dabe4a02e691a0,0
0xa8e96c2723493c4fbdea6c9b74dde5647d0e3303,0
0x70846a3c70ad92cbd0f9742b276443327a2b2bd0,0
0xdb5b1a51e3bc09f391b6ef80a213ebe348475afe,0
0x001778c0c060a715bcc7d2c7aafaf9191f09c0aa,0
0x75b89e54a63f2d67482541fc4271ebf659694d8d,0
0x0cb4c8b11bf0a44f9fa6082c53ee67f42c15b828,0
0x9886b17cb4dbf912fd0c0e424fa51a665cd94067,0
0x78160474e490613945eb970acb41c405953a27de,0
0xdd5dec2d5c2d8e69acc6d9daa7429661f8fac82b,0
0x21608f27ddbae50951952ebb949b7f52e09bab90,0
0x09507bfcba1087539fd663717a4ca55074e2674a,0
0xf6adb534a055841375626a4a2ea4516bbb5e0271,0
0x30bccf468a4f057a39790d675ed01e7d6a77acc4,0
0x62eae63977e1299b6c952151c62f16d9489b1676,0
0x359b67b031a7039eaa5e00cc6ce4304402b9fbee,0
0x9514f5254652e62e3086ef11fc503355ee06e4e0,0
0xfe3d0116e8cc5d3f833f2b314bf3474b3f636f11,0
0x76b5abb881e6d59b1806c1a837457010d1200d99,0
0x81120091dcd0cc7c1e25f9287961d65c87e57f0c,0
0xb7ce9d36a0ae49042c72f9fd81821b28f45bd5ac,0
0x046ba6f40cab7b6196c9bda3b71a7303a192ed76,0
0xcebe9a0f88dec746b371e3c8673648d0cce21cde,0
0x894d01a37fcd3bfd09e365762ee7d0b055c8f9fc,0
0x2a39839852fbfddd32d66c3bddf5f34fb2ae6793,0
0x0166375990dd1c6d1598d9cf3b22e23d8107832b,0
0x4602166ae6e46c63a5dbee47db48bfee80c86ef8,0
0x91b6852b78a9c96ddfb3753a302d5c3c80e4597e,0
0x2052a5ce5d47cfdf45c4a77e3c77653d79857c2f,0
0xfb94b376f2b1998b004733ac4255d7626133b948,0
0xde11e7c8e2bb358dd4fdc7c59c05aa4652b01b66,0
0x312e8e0c33d24eb17f82c59466a1a8aae2650b1b,0
0xec702cc46d181329c1ed540aaa862e4f3af4287c,0
0x7c52f324244d08dc50d18747cf9051f9d9a236dc,0
0x250ac3123cf95df83333f351b6a58d803ae5f524,0
0x446f2bb7c066477bdf362abfd8bf3643cddf5779,0
0xb4f48421f5354fd7bb32e2552d23ffdefd959ee0,0
0xbbb077dc9b038cf0d9c8dec2b9add889a05de104,0
0xa307cd3efc5397b4c9d02b21795872fb8e4b55b0,0
0xc3297eb0cc9145137d5a026e4fa2991bed0618d9,0
0x6df1a980ef672b27251711751b6d492884b091f2,0
0x3f1a4f1552992120ccd90816a6acef9540af33ab,0
0xe11c1a96db87c5d7227222bc03b3ed49ddad0ba8,0
0x8d14dbb3d4882199a3e17081ee01ff57ef99c158,0
0x4641256f60d1ca12265e15afa67a32b181c0279c,0
0xaf98cc36b817b50c11419c24306caf6bd21e24ff,0
0xd1a401096aaf5d08b3176890358c35187c56efe2,0
0x7b1dfc0f6894b85549dc0fdbc11fc9267b520ca1,0
0xc9189ba44176238bb9bc5a8f64e486f2b3cfd334,0
0x591503be71e6822439a10a5a5e04d3a4c6b3546f,0
0xc7ece5e69dc03f5da708ff47cc890d1039a62e21,0
0xc83ecb92d7bcdad4a9b677a166345dbab8d1e8a7,0
0xf21c8f6e743f3d5c1c1c36dfc616d0fc140e93c8,0
0x410ea082bdebbe3ff659f4e145432bff8cfd7c53,0
0x507c83398bf4afb28bcf5fbb64c29aa85568ceb3,0
0x456b6d4c83cc59e27b49c38050ff409dbb841d92,0
0xa001ab63887c8273addce8a2388f1c8790cc7155,0
0x47d687c81491260007ba746daca4f5a3af6fa8ee,0
0x01c9f64b6e578623e319c851f082a1a020551c1a,0
0xc623a22cd7145bfd9501abb127bf462beef118a7,0
0xb45465aea7b9d1ddb796545a29066eef28abaf7a,0
0xd59556dfc0e50db6828366c0925aa36c65b6ef46,0
0x835f5bc051b6547a947a6a63c9a38e9d74776cc5,0
0x9796358f3c3e8734b7618fcde3388b67cc66c2c4,0
0x5bab3365e03feedd93e3f21358a92500d6579e5b,0
0x4b5bb65487c482e4271fa6761d6fcdc9d193e907,0
0x30fc4de0a293f0bd38ff4b97750d33d75cfffa89,0
0xa0914f7538dc48e5a062a2b7105c657ead6fb37f,0
0x119df6438299ac7769fb42ee8556a44fc84b46a3,0
0x29e249508e5b4b06c679e117682da2687d5efd3b,0
0x991578e2632d4f89242436f3846faef46e76b9c9,0
0xebbcacfe1ec7394e2983309c8a0f513941359a93,0
0xfd8453cef6106ec8e8897507b6216640dbf711b4,0
0x0fa098a05152da9aa1a39590fbd3bfd385e1e47a,0
0x0ba5fb5a6ae7a02f6839f3895eacae577a977533,0
0x541e047657c4f6ad842362186e2f4c266ae7faf2,0
0x785d6dba40e94aa5dc8fd58eb7f29f56c31200b6,0
0xde0738b2a64f30ee0ef712a636a0ded55973e2ff,0
0x4f37311e50a3f38819cdbec3c7b1785fe5775a12,0
0x4d0e8fa00a03dbbf7181b82cd8416b715b6a8759,0
0xd849043b40920dafc5736e5f7ecfb2785229ea8d,0
0x471d8367c450ad53a5c1b3677859558db7037dcc,0
0x0ed20f88d2ff10c6a9df180262bf386763a2417e,0
0x1917f05f48b31c423a590fa41c51efee55879c59,0
0x11e575cc6b63768342c7ec7b7b0ec4b3f3cec3b1,0
0x76b5255467719ab4da57308cea7b399eb69bb277,0
0x8f017a8961fceabc693584bc46ec628418a18d08,0
0xb4f5d36b852544e5df397283f0b013b88e2827e9,0
0x2656df501faaae664ce9d1d44aa02dbbf728f65e,0
0xbe231ca8102cd2fcbdad01f41bff3e1483d05fe6,0
0x944140fc403d742f473f4b4251a6ead13cff1086,0
0x4952291518e75c2df610eeb37f853a37f721980d,0
0x75703f46627fda6615dad453e2e2918efa7e8fa1,0
0xe8690ff8b0be00f3ab6aa81e258cd44753d6e9a3,0
0xa2717f0689eaa3e85a1f1e31e60b4108d0e9dbbd,0
0x9c268a09762797a3925ef474d99644280041645b,0
0x7884ead87153bb2f6711544fdca88123649f4402,0
0x87922a15cea815ddc0989266a5bcd75998957c02,0
0x23a7619e10b2d56b8a9cd9b7d4e862da2f9c7f03,0
0xa21433fd4d71691625195050a1caf37ac562737c,0
0x8ef727d34bf651d53b435a0e0d0bad370cc08cf9,0
0xcdfcb4e606555e134ca4d1c8e5cbdc67302281f8,0
0x951887537609bb110e62235f0fe6c981f8378195,0
0xbcaa61bd2f8eb16a20ab3ce3a65b01446645a8da,0
0xd1ac9f2d86df7c5620861b72623ab634d13cf77e,0
0xe6e2f4c0c49aa87a876adeba981fcbd6434c98f6,0
0xd6f0e9b23c513db15bb8e7f6908178b0860520da,0
0xd7c335765b69a8538312684a6e6d2e5243d133b5,0
0xad6f8ee8483cd40c802e193ecf9d8fa29005c649,0
0xf751761f3fbd809e5730cc18a054384f02aca7da,0
0xe43ccac43545d69c0bf3a58989ab3c02e46a6812,0
0xfe4ee305196de4f5e3941ba42bb9bdfb4a719182,0
0x2540587912681d226e48611e5311bfd8b63aa7e0,0
0x70197852b724d192805e8f80a0f29337ebfc548d,0
0x630c59524f5c05e0d77344d5a286ad5309c02e6e,0
0xaa19b641e53c4689c6ce3eb5675b54ca47827f12,0
0xdaf7ac4bfffceb07e5d3f5b23526c890d95e7f39,0
0xec38456fdf92de408d6fa690371e9bd3b74e44ad,0
0xfcd21c8b954fc52f1cc7e4ca97d0b37306f8b22c,0
0xd8c5f32c2d1851f29a7867bf9fe4099cf3d9baf5,0
0x5f31dbd1a33eb0bc14ae2479535c44dd8359147f,0
0x928e8df8d6c9b1f1c3c5c464800a3b023bb4bb93,0
0xafb07b20f5b7e938869641e9f93b0d8dd24e425f,0
0x40c75a5600084083dadffc38a836efe91c6ee7a6,0
0xddd514bca3e6fa62bb115364565bcd9f9c3730d7,0
0x83bd529ba40270c039dd304807eca206a85ce5f8,0
0x53a6b094fea0037221718097d8a923e606e1d7c2,0
0x7e2002a92ae8d07fa53e4697a861286e01ce283d,0
0x2330cb09e98a53453caacd86831db966ece09685,0
0x268d47a330f3d30aedd6f427066e9366267ba57a,0
0x1f7f6e757ead4d4fed76cd124aa04244e7beb995,0
0x63eef72bc9e20028532602723e04b9118751fc78,0
0x2d450d567c6184969b9ebc301b45a1540b2f4baa,0
0x6343bca778a6d4f7086b27f5fd98e33a48ecdae2,0
0x19d72163f8307bb83ebf17f84981daf634b16bc7,0
0x55be7d88d397d4de9fe5b494ed0849de324ec691,0
0x6064d8f3e6dd8b687befa4133b143ac720fdc9e9,0
0xd3d0aad187cd3016a29407958d701ae5951a5cd6,0
0xc312ffd562492493244362be369f5b61d5da5acd,0
0x399290559c00332bfc3018f31fc9ba78f835e9eb,0
0x292650ef28cd6d1336e6aed5edccda09662fd1c5,0
0x619521497cdb30d597f0102e42d77f12e49b233a,0
0x6eb990b8bbc96649020255b13d6a09e4a06b19a3,0
0x91978825d5e5d176c82f836211cc5e38cbc77f70,0
0x6deebdbb67a72ca5b1e20a79ce214ef0d5481eec,0
0x6fd21216bf0240cb5bff88798bdc22e2a0a30f8b,0
0xb3f6bd92fad23c979855cabd3a5ea98d6d1f6233,0
0x4c3d6e309e7d2c2438296ae28cbd89ac17d2825c,0
0x52d88e222d2c39f23024a94662f199ec2b9a3d5c,0
0x1fcb9448412d793159f3446d2bee3394f9089b36,0
0x8f899fa4b0bedb5fabe9a0f416a187e1b3ca033b,0
0xca07c4ce62cc0d8bb08ccb1888b5fc44491a8b29,0
0xc963402d873d9c84a485efe0d29220e1f558a4ca,0
0xef5aca8c97f5e8aa533f78455c1a0b6954149407,0
0x597f4b017fc0b81fb1a5cca57bf7619df628bf27,0
0xa37c4c46d46baafbfb42c3945dfad7a8e66902f5,0
0xdab9f80c77cc9cee9f426b0a1dff9c13aa07ad74,0
0xd43a415aca9f0f8d186eb2064606b1f13f770224,0
0x93dfe0ddff4af2396b78baf57f4dc247f4df7926,0
0x4d9ef6abfe50f7ac6646a417fc992e55cb77e6a7,0
0x2e3d95e9170acf401474ef6f95ed9adb9ac242f7,0
0x9f500d02ddb76d66bdef719226ed27966d0cd67b,0
0xa9657614fa57ce1427c3f4552705af3ec32146d6,0
0x48bf908c4d2ef2e51f64a52a1b2917be92ac3465,0
0xfb287375b26fdebc64f8653212178e158030c2fc,0
0x208d19f7389fa17299f8a49f54dcaa2d1537a656,0
0x8e5892634d0dd83195c3cb1767b43f7a77a37cb4,0
0xbcfefb42860f84927a7f3ecfe9eb0b6230eed356,0
0x481c5a952fe467eaafab8280019da32179cc5a02,0
0xb13ef17574b2d7910eb0df9f3d2d5c8963cfb658,0
0x03ffea3dd30c7a1745dea353c0ca41733b7d4527,0
0x042bafa27b925d13179b17079a406b81ec886faf,0
0xaac93c4eb12b6ab2ab438b5de25a51260fcf7cce,0
0xe1b28609ca9820d39fc8612af54a56588d031627,0
0x85ae0480ef182e1f5b1413001cae15dfcc4c01c6,0
0x60f324cc146d8f3a127297f2cc6936defd859795,0
0x7ba38b1a51b1a4c0b7299581d258503ac74cd536,0
0xb30abf53d998f58029938c598c0c0ccbf1e84ed6,0
0xeff0039b97523f286ecd1548705d65ae13452e56,0
0x33a786d3fcff67dad7b0bb0428df1b9fcf92c57c,0
0x142cfa09a8210c8c3a11bc2e8a0d3c727d26b486,0
0xc676029f33b50fd95e482ec09d26ddb500adcee6,0
0xdfd8470024f28bd69a9c82a50a7e29085b91e494,0
0x63ac0b71d46b5dd4cc396fb2794b14e5aa86b06d,0
0x7c9826fb00b1c0c5f46ee31b2c958e4663429e31,0
0x80955e5fc14372fdeef2d6caff06f6928a956989,0
0x7ccafe5114e59b1851163f4659563b5be8af113d,0
0x7098f154d1f9a4250e051f07e38301e165d35584,0
0xcdc8c1cb332f2b06fcfa299d9c60c687625fd9e7,0
0xd6517720205fee409208dffc31545e274d847b5a,0
0xaaa1f2aa305d63a6699feb162e9c0fee40104b9d,0
0xf65652be5b4b6b49b20b5dc6295f2e50be71ff5b,0
0x5cbe4c27c8f6449666eb79a5207329f393f7f1e0,0
0xc29717dd177ab5f4c5b743b31c8bb3468e5e80eb,0
0x26bd950cd67d2962f6e693ec799c1092e52f5c87,0
0xb8229a1c2e573af47a0133aacc7ab32580017ef5,0
0x14aece90c83598611d7734119fc1c2c766ab3400,0
0xa89dab1906248b44fb16bd8f571dc13234d5f0e9,0
0x65fcabff3ca0d60a767b183579d58efc501c19dd,0
0xd663667cb060427fe2eb702d0ccb11bb4395a1c8,0
0xa3b6ab868a9ee1d5167b0eb5b94d65f870df92fd,0
0x247e98ce19371980aee1022b498f994967f02edf,0
0x33ce929b57c1f95de54ec9ff9b0c2339e443838e,0
0xe45f70ad4b86977adf2d25a70373be84c3fea4cd,0
0xec004dfaf93ffcb67a5e1bf72f73b6e2a1c88211,0
0xed0c24d9c2f6af17e1175e702f590734cdc88f09,0
0x5764477ccc169d859f238e1ff80a951ad3b78fc8,0
0xc05298711317cf280d36dc3353049dc267fe29ec,0
0x78aa85cd50107cbc87ac81b7250cec466bc69f30,0
0x4f919d480a5d2a5574ecc844174fbd863b1d861f,0
0x443977556919348936717a605208b081dca49241,0
0x0160f661d696bf5d5f36d8bf433427e765e3a606,0
0xcbb737135aa0aa20ab542cfc95621b90466b1d2e,0
0x9bfdd24b87daafd9233b60110d1ef9dcc3e9e994,0
0xaaf0f899bdc01373c2021f4108e029e30111f80b,0
0xc569b36eb4cc2d2b353ea0dc72a069b56c3524c3,0
0xb0d29ad0325668eb0bc6d39ff90201f8dacb051a,0
0xa1ed29fc624b789c182be6cfac9a3fa4ea50678b,0
0xfb13faf48231aa877d9d447219e3e1f15e6e9c77,0
0xfd410b08245d4bf2a7f4756fcff465bc90d3a460,0
0xe8db42bd5fcc799f7a4a5aae96f76fea302d99bc,0
0xdfb258a7e27d209517e77dde261990ec4fde9e01,0
0x4078d6f8f22c2cd579c30387966082c108ab907d,0
0xf200ef1883d5c5d23e05587a2765e603b84e1325,0
0x4e6261d92cfcc4937cd55594a815d27d3e581e0e,0
0xf5e1a12baa2c20a49d6f9c9b8731e287afa4d9c1,0
0x7b9a44205e19b7c8528fca2d712e627f05b99ea1,0
0x3b98c38d87773168cd6f1f5e14ed31fbbd0a8063,0
0xa623f64530817873f0d7b38acc32dcab277ea158,0
0xaf7eff43c65c75e71143d500c7a2156eabbc3141,0
0x8cd7ec6af901c39d153264823161e73b5304dcc4,0
0x4a84ab3fba029565616d06ed9f74b56749b55bdc,0
0x22cdf8bce08b89768fb4fea0eb0cb18c6552e83e,0
0xf811af6457787c1cdd87785ff7f34574053c7422,0
0x85d9fea0414bf48f76cf81a5698165179b0cfae1,0
0xbd3804d8df76f237e43b86711957df2fd5cc9879,0
0x06f3405b706bcacf101fe4c8fb13ff7a7c64bfae,0
0x83d1ace2592c5bf502ab92cfc08f4869abdef6ed,0
0x9ff002618c10ae08fa49404c02d41d4c69fb2ae8,0
0xc2f85ea4b2fe5ca1d6eb3e32b96ba7ceeb85c162,0
0x1b925e89d523e9c0d2d4bedced9da87efb3fc3aa,0
0x17b91348384709b830b83d96eb2058482184ff95,0
0x1a78316a9815606d1df62d1c340dfd1d10a78acd,0
0x777b3a91b29c966055f2836af1ebb0332ac7bc4b,0
0xd6a1b2be01d985b386e6e0ddb229f406663fae83,0
0x8c2863978d993238fbd974a058bc68adc45e6f42,0
0xa2fbc29a30e90c676d85b7bd9e36306b766ec458,0
0xc3e83e9d3f3ac9ea4c9d4a515d17a96c32a180df,0
0x3d0a0393afbb630f1a423470a9dd48034e89ac4b,0
0x560f3bbd6fe808ab22e3ccbb0c9c1c86b932b575,0
0x094cdc7d165b378c3cd25ebe3233894305984b4f,0
0x6b7823ae981df2081e83e95a538ed1d5fd92dda2,0
0x119bcbeb35998bd13cad80de5eb8d7ecfabf8814,0
0x09592d3433bdd3224e9749d400a814131f10624d,0
0x180b6cb18a37756436dee8dbdbf19e4ff91c11ad,0
0x7d3d2e222239460bc68f8a75496c41c4c0e5d60d,0
0xd2b6aedb42cbbd47634a56c0dc0216106a5571e1,0
0xb2a83e1d46d62f2ac51fcdc4f28b81b07888b097,0
0x1a0318ffcf8a2d04a7f51f1a87d6643be5e4bf6b,0
0xf25580ed2396de75ba6ae85f08157d82ed89a2b6,0
0x13950955b9ebeaba41c48b3f088853a3b1ca9dff,0
0x1c558c0744e100900cbf8d38b7afcc79687aa567,0
0x473e2b6908da60f1629ce3aa12ed1b2c1af272ea,0
0xa6b4527ff7cd77d68a9af50881bc323edb6133ed,0
0x514704f3151d26dff06a7a245d1695ca6af77f32,0
0x68c54611624c018e7ef40ac2ed4bb1efda3bcfc4,0
0xab213387ae75c39c0f7181a2f9f626cec0855425,0
0xe0f98e43bd694796952c2f52d29ba4fe26ce9abc,0
0x86e3dc96c6aa90ba413f4b70ff2740740978c9f2,0
0x5e4f8759d1d32f8ec7307f9bed59b92c85373a7b,0
0xf01dfbfc1adc7a9f39877d4b10dedcbdc0d239e6,0
0x9335e0a5434136c6199cbf83661148edd4e59a0b,0
0xd8c704227b4423551c2c072e55c1ecddee27c162,0
0x19860716ae90e195c754dae4c6c1e889c2aef853,0
0xacfb2c042ef3a95316cc3ec0879ebec8dd39f84d,0
0x9a3f970389a5b38a3b98240f0d8eb33c4b6af2d3,0
0xa94b3cf7b02a602d2e5a3af1de6a632357339f6b,0
0xad67e97553bbfd934cd49cd35fab635a8e07b9e5,0
0xc0066c0be32eb0bfc0408f52e7495bd85ea84ab2,0
0x2f1aaec4fdb239b82c94943407d9a9943b05f6b4,0
0x6040bd53408b8c151ed9b5d0ac8525eb284fdfcd,0
0xabd2752d580b65b783c7d2c0a43f4260c484ba3b,0
0xad4d05225d146f8283076e2f5890c887b18516f5,0
0x22b98a1b53bee91d26c21ff534fe152d278fd964,0
0x779c211e290bddfd48a667729d64f09b090f3811,0
0x416d7a58ecfe992a0a49970e248f60f02ff58f04,0
0x94b04a5b96eccdf0babad3c543e960dd1a6727a7,0
0xc9a2caeee054b9472f91e650c10047fb660de18b,0
0x93a41009e14ba75d71803771a3723006a68e7137,0
0x0b371778885b6fc9bf12eccf41f2ae9eb9c563f6,0
0x90aba1b0a8a863a520334d702d933dc99abb7cf1,0
0x1b574542a74726e94005bd18ea6b0d5df671395e,0
0x549002741520dd152a88644d6e95fc685535a4b5,0
0x744696c8b3d95ce4e0d64f325ee8018c5d689089,0
0x924ec0f006dfe6961364f65f405df7c00ee19a07,0
