address,usdc_raw
0xf64ecc67ee5ec51f916aef0f77379bb8b0b15123,0
0x065724c99df0345032a3639a62d00744d26c7171,0
0xcc0626964b8fe1ff8b0dbe6f822dc9fd217041de,0
0x0d125e75834cbe6169f8135c6e7f1dc4e2c95189,0
0x7b9e1de1c3a1e3b7998030ed47dec6aa777b27f6,0
0x614646a57e5760f498cfd7a6a269b3e6574a03bd,0
0xbe272a4b0a08b2a57b812a786ef2d908705d0a31,0
0xd1c68218d10253a104371d5d99388c31b768ef53,0
0xcbc751da5dd234bc346a7ce59d75df6bd0ceba50,0
0x8893a77682f8dd594c112f9cf8bdc28521524f08,0
0x567558558f8185ef46444bc5a7fd1c72ca6e179a,0
0x441d0948e13e332e571d66f273104db3dbc9a605,0
0xf929e8f50f249215c56ca8d90b7e82d1d32995c3,0
0x1502c7faec7074c598ddab77eb34c0be92103bff,0
0xaa5a1420efb07b2fbb5bbced916ac454e31b4ca6,0
0x356a3a16d7ca94587275558bb4a5d4e154a65b1b,0
0x8645a7254aa13c714fbc8717da0819387e1414ba,0
0x5447593bde9c0a4cb252b05aa1e4309ab35138e9,0
0xee0b9865135c8f5e57f554fc36a6b0a88a0c0d85,0
0xd24050d19f0e02d980b05115c7c665b3ac124d9c,0
0xd15febfe4a38c3ad50bb6d7c8766bd2466c76976,0
0xe97d3f9a006fa1ad4d89dc54cc4d412010a6c9b7,0
0x82470efd8ef0c20dab1757c34f7f6bc960a60c10,0
0x57d7941f46e115dea9d5d2832015e81e54156e62,0
0x50a38bf6ab46944501454972382d3ec7922f6a4a,0
0x16aa06810ea368f5f0d9cdab2971e55a41b06e91,0
0x8481019659855969d6bea46508ad850b1b553668,0
0x6ee282a9f26e0b8ed44323e90af1455f1b0218c2,0
0x748282998f0dbe227946a1fbd93db796c52b6ae1,0
0x0ba3ad45dae58f2fed9888d816c462a4e30c9a3d,0
0x1c6e468cb7fd89c23a3f704b0fc4a09831fde1d1,0
0x7f37405d7c092d5712c81f84cef5d95916ff996b,0
0x82d3cf8b5602c4c8f2f8778f47d2909bdbf2c871,0
0x5d8a8011aaa276b9e762a50bc9808938113b025d,0
0xa7885b49ecc72bb19995f65b14b653be1ffd7aa6,0
0xf493dc6ac894d7e7595ca73e08902cdf3e541973,0
0x2a6cfa204e3dff256387b090a61c2ba5c92f6569,0
0x5e4ca637970e75879ee7eca75f87caf15b4a0e83,0
0x91ca30f7381f1c7ff2130b214baba2d1bbaaebde,0
0x4297396a91bc4333f28dc039b40c23cb5a05cc0a,0
0x67081bcd70aae576a601098a1f3492cf34e39132,0
0x67a83a0f17535ddc363b4bdbcceaa2398377607b,0
0x7c3dfbad7fc243fdb0e0cc43e264a70788ac3f31,0
0x6c131b677a7a74c4ce88d002b7fc0f01de9d5caa,0
0x5e32c9fd1252212ac5a5496d2255a8e4ca4379bc,0
0xc9f0fa600f3d8915b3ea05ca5db44b82f677c6bf,0
0x2cba9cf912b991ac076fbd204c052129f196b9db,0
0x10494fde78d2bc7442e9ffc659533c67c297997b,0
0xfce51d55f70c48962f77ee5a862041cbb150c8cc,0
0xa7f2de9bc3cbe7f837658b8f9e205473f85b8382,0
0x07a3a7b46435679a23122fd5ccf1f76416c83d73,0
0xc8efc71d1cc48441987c4dc8794f6bdb7c686783,0
0xa30434ac2dc8cf607e7834fc0c1c530ef56d84e6,0
0x65a1b057c1d45c4a8726d32edb6624d0e387afbf,0
0x17b44c8b110b7e6260c07062da6ecdd99aa3f0f0,0
0x08fae0eeb9d8ad0661c5107e7e7136f2ae175166,0
0x83efb8399a3fc417bc1fa8d743c7ea70a23f4e71,0
0x5c93cf6cf9f86a72f4618a2ac5c6a79ae82b92ba,0
0xc95fb7361c4bf2440fc1d61e16bc3e3c8cbb7c6c,0
0xd67ea773f642a5b09488282037d2cbef956822ab,0
0xaaea5d992facda16ff73fc2377887abb3c5016b5,0
0x8608ef919ca6ad832d7ecf1c647556ffa57094e9,0
0x8c7368aabb560a1f5a4252eb79fdb39238ca445b,0
0x36f0e0f6ced181e622f5d143c5341ca66b910234,0
0x93ebaaf436c3fccc7db184e6931f1b8403462dd6,0
0xc034d031ed27501d6966021be7ca8ab2d1e85adb,0
0xc561ebb40b58b33ad87a127d4903de69eab7762b,0
0x5b2b4c0b0d8a815f6beebe2e9702213c01df2c7c,0
0xbd2d5a5727f6f5e8d293276ba2dde6383a5477e1,0
0x92129521482425c2fc9961329b60740b6127d899,0
0xd4119bc9b1960b26c9b96dd692d2b8e4f4b9af50,0
0x6f5087a25a00718bcebda11f718486350161f46f,0
0xe07917b9f6eb24f4169ab2f48af71eda0acf5776,0
0xc0aa39b9e76148e5e359dc0e4689a60ad4ec48a9,0
0xacc0b9199378c1151dfca8e1f7e3f784b5cac8b2,0
0x09c25ba0b44fcc09e514f515fd780cf3ba66388d,0
0xe7b682104ce60e34e2a902d3deb9191a69e881a8,0
0x7abf183af6957212aafc7724c18fc4db6582abdb,0
0x2438ffcccaa2d2864f6051eea9eb626f0bf8cd7e,0
0x52a871d2f3e7d91226c703e421a456513deaf60f,0
0x3c2a87429149b867c279a185f91702d0b061d070,0
0x3a0fa8e74394abe35ab01c4b307a9892dfeb63af,0
0xf304003afc94fc2c12f56f86dca778a765079e18,0
0x785c2b409eaf21a99dce1c24b6cb9441078a2f8b,0
0xf73f1e61541466d615daaea7657eb9a88c3f14ae,0
0x5b9656085ed24a1365b31a1d44035e5cf681b5a0,0
0xe5a2aca7adead746ea7577d016d170cc017e7cac,0
0x00fca0f9f453d8d4f153a9f520a3ea632cdbac0a,0
0xfafa1a6f307671e6649ad4d9258b4f85e6d1120c,0
0x1918f166bbd9cff6a0ce01306c912a565b91324b,110000
0xa18aac63b5b3c8cd046e297f1357f3d3e4a31c08,0
0x5f01495ad665fa1ae4b89686e5432e49cab03b7d,0
0x67808bdcb061461af1069865c3c735202cf128e5,0
0x22b8ae766f92002d4a0d8b95fb2179c11ca1f897,0
0x6792f8aab5e8a5c50eae6d6e1de299d47bbef9a4,0
0x6d5854eedbe89353d905f2d80f692de41bf086a3,0
0xab1aacf71c4a566ea79edf1238657c1be9d1c0f7,0
0x1cbe5518df60828dec0c54acf0b89f47c8313c00,0
0xc695c5f8dc75d1964df68c8e73477d83abbea65a,0
0x436127cc4c40c0c11dd2d5586cff4db9bdb04139,0
0x9d224de228ab0af8be014df9a76aa53634b5d455,0
0xcb7f6ebf4dca43cb05448feb109d31c4368878bc,0
0x4bf2b5815fca0a4fa18d99c3a8a8af7c0c56528a,0
0x74755fa4d05bb8f4894d6732e1316e95e5c9f870,0
0x18ce37402fa662f16bd9445814b713b154a013ef,0
0x9b6d783c531a970cd551c75c7b38ff9328b6d597,0
0x05d53d0c682f8c5e3b80b2c582500f6f93b91e80,0
0x68265e166e52ed60aa1831127fca14a0f9adbf2d,0
0xd0681b9110d3a5d9e0e867d1e8a8deab4cde4898,0
0x2f3af01c970aa1512f8a666dfcd36790e9044116,0
0x31eeddbea50a46250cab60a58d932b758bd6e7ab,0
0xfc2066d3572023b47d0d28c436f75769d2d2fd71,0
0xdcf1b77a84e6d128ae6cb1a359e47e8609d1d041,0
0x294b8b46d939679e83096415b5dd115ee632eaa2,0
0x6386f8d404107708b9e89ff70790fedb611baac2,0
0xaf7ecdc938da408c84b248d82a5d54df4a21e490,0
0xd102e353b466429d8e7fd6ee32f496fc255f6551,0
0xd5c5e15c970ab05f611c533708f2bdbd4804ce37,0
0x0af0bcd159eed8c8517109c73523a8d1c7049fc6,0
0x777f0f54027c75d1fe6f56e8ce6a205ea98fa35d,0
0x9824e5e09642c009a91df8ff594277aa0d1788d6,0
0x98bc1edbb8b3935c84af48b370bfb9bae5d97261,0
0xc5c905fa4fa62ef72c085aeee3003eab1699105b,0
0x9cea22f323d9913920a556973eb20dd1c2789251,0
0x1ab956e05d5e53e9d60ffebe8abff91360e131fb,0
0xfa5c11cb2fba8bef54fa4f81d69fbf2bd7514b81,0
0xf52c8d1c60b69271edb975a69dc95450e962ebdd,0
0x0c2469bbe822f8dc963de5e027964657d0538091,0
0x2130e5c15f39f8fcd8bf0b02e9efad5cab8b387b,0
0x211e0580c1f19d1aafd38f1389ae00b50458dec5,0
0xce7328679a323364f5fdbc762a27673b65a111c0,0
0xfbcc8876e32cb4f74972ab12bf849711f466cb3f,0
0xfc0d4c7670076dd41a5c81325b698283f2c5b0aa,0
0x8c0c8d16a33540eaec442499894d711f21361c61,0
0xba2b42cc45e7b71da6ccd6d6f3f2ea7141b310b8,0
0x5115bc20eef24de3912ce6e452e8f285ba857626,0
0x59826a964455bfc4eb5be78452f1c55a116e3a3d,0
0xfc07c76f81647f40698ec5d7b455aec663465536,0
0x88339630d76901f0da07325719569c1c50b5b091,0
0x31435e403e9fc48cc47e40c29f646b3f937b926f,0
0x6d3b4ae3e04b128402b1b6b5252b8b2e5f8fbeb7,0
0xfb40d95869df3b2a80ea542cdf68f32b50f48f66,0
0xda157c01565011e5029c5709530522f737336971,0
0xf7fb770e572a193a310894a6a22127923b90fd8d,0
0xeef356da1ef28d26f229e17117c2266de38ad17d,0
0x8536fcfc8fc0013bda115e4c98e53743817cb9f2,0
0x19eb9dd82e035fa3a122785f3671c24deed8147c,0
0x38c8db015df0341154697f737e7fcabd9f9b28de,0
0xc0c09229cdd3292a6682852697513f9c3940a5a7,0
0x730b905f1a46633f747ac2b618daa7b57f85bf50,0
0xe48e0451badd630a9b514f4d6a08e308c14ca34b,0
0x989debe8a8d9fea89cdbc3e43ea81b13e2318015,0
0x0a4adccf8ebfb3977f1a94aa31538f2360279cca,0
0x19cfa3d7ff70f2a9765c28ef6ea0fce311bbdb49,0
0x33440ec67b352ad0f448f335c707c1ad830b3c86,0
0xb75e0a6224ed95c539c8da547630812674b605fa,0
0x03c84b4a52a3a633aada4227951e5b38dfbe39a2,0
0x50b890679f0c17a3d1cdbb2a5af41d167d04bd98,0
0x5fcaae4b1b5e886b6ef9bcc387a8b9c6b2d475c1,0
0x8da69b32ac77be4c7095d772b15ab68a3876d1a8,0
0x9cacced0f5dc494c1c681e8bb9250f449f5b9046,0
0x95de892af9494634a130fed9d4eaafddcfbe7aa0,0
0x338c9d2851d4a4d44e8d11cc0c1f5a0f45bd36cd,0
0xbf77c2ba1346a2def75c3345bcd1273a803fec4b,0
0xc3368e2231fa5bae0ee983be25fad3fc085db98d,0
0xe7984354c49bf9a1c0fa4339cf4969bdecdea702,0
0x87fa242f7ac086f7deb9c9728d3ece324e0b1faf,0
0x6ca46377f68a8bf0619b4468b993d01fd0f915d2,0
0x38110a6eba7ed18dd5178fa3dc422243d7da5e29,0
0xecf121aadc0539e3d2ce43c69562bf54593b4ef7,0
0x17bff011755b30cf4b1ec2802edead7263975d32,0
0x06ea21a5c63adad4966d3a05f0ffd876a062824a,0
0x6ac4ba88d2a0acf7ca845b3eb739d865bc69ec56,0
0xf3f6b6ca75df684447ee07a47eda4e9064d9738e,0
0xf4e789ab223610ef1c32630afdedecaf3d93440c,0
0xb83e019e086e303022cc4b57ff04b57603a4722e,0
0xeaec009c882f750b3ca4e604ce1fd0481994c6ca,0
0x19a6d71c1e2140339d74d98643b9d375f9e1c7cc,0
0x65359b6e792eca45e169c3ffc3f80f549ee4ce43,0
0xdbc8ed05dd807cab2b1486e43db8e4cf660f7603,0
0x93913af51b4329c9af3e04930a43a4972c37e7cf,0
0x486711c46193fa2cddf8d83ed89092ec3db91eb1,0
0xe81eb4d9200241fb9936c709e608420e786fcf17,0
0x80d0ec868b79c311f9fde82ef0e55d642bde6cc1,0
0xf656cee83dcb9291d9dcf7d3f333a48fca98f899,0
0x2ce53efa488c702415ce55520828da179dd06680,0
0x8f427fb43d6a29f6a09e4a87b9d1c72127417570,0
0x0a9e154cfb0ea96e2b9aa7cec8c052b1cb31cef4,0
0x9ecaac10c8cdfd2ffcc2060924b7a75ca1dea36d,0
0xac7698c469bd5ce8ef998c7bf6ef26e908a0eac9,0
0x28af690e0529e318928be5c8dc4b1beca8169363,0
0x99fde38ecfd2557058543bbf5ba00168fedabc4e,0
0x888ed1d9b2f9468458675791ecc6f1b7e5f39b4f,0
0xb88e604e7d9149c3e8160ba1704d0e12315937eb,0
0xd6d5cf2e8f18b8062a1ee6b8e642ac2c0d709e20,0
0xf8a5043f50193c5ecd35282f67fd6cfb7aba2c56,0
0x2231528a4f3f767f7969742820cbcda3b82c56dc,0
0x03f5820ca732ea4f61a747051dd3d43162ec415f,0
0x8b11e1f6337f133fb602df87399bfbf48260edfe,0
0xdfcf7b62c2ecc8866eace86ff64cc3e584610bae,0
0x0810d52e6d4bf69edd561f1ed4f0c47d35a1fe42,0
0x12428debed75cc9de4d944975a160b0ae8a3f476,0
0x73b0da8c31546fb8d6b450c015120913ed1b77f8,0
0xa75108f8b2bb64115025ac9f7430b5820b296901,0
0x2ae5eff916802a23551e7eba62012d0e11cf83d7,0
0x8b93ebbd750449e654f13ea64f2f26d66a1ffa9b,0
0x5ed2bb101147a968c4aa5717b1d01f8b1fb44c25,0
0xdec8426dd14f510914b5debc9b2d9979c668c7be,0
0xa965239b71169944e55bec62834179568602b93b,0
0x2ed5337fc1a8fb6a6e51dfa0be7023775f4a1747,0
0x3a01e67da9dc7d777d459c9595486db24fcb0986,0
0xe2be5e2000d7b0ab5bd21b3f0639d2cf0c0f6492,0
0xe501cfcc50868ce206787b21d1ee1cffa4227673,0
0x4fabf6423e0d937fba67a2d9a54146e7784042e1,0
0x827f190501313cac30f6a40d3c949c3c932b65c9,0
0x29c9d8bf00d225cc967021dc44ece6a04e40ebd4,0
0xa0a08f3c620657013c77ce9c33afb36610fc7131,0
0xf9d7b45f0d1417187cc272bc67549e76d249444d,0
0x6f502658c4117c9c329adbf050932e817df0def1,0
0x2441403bf520235d56c31944acf4c6d19d9ead7e,0
0x75512cbb40cb22d256f86b3b625a2a00bad89332,0
0xbdc6dd6ee54a225bf5538ab7e0b5104bd69f18f1,0
0xd62481e7620658575fdb6285cbf07717f4142d45,0
0x6bd8ea990b11ab78660da50a83e350f680f4f9b0,0
0xeba63f005c7d8c7a305fa3ef7e549df0ab3bfccc,0
0xac51b2252100c11529913c5898851a61352acc58,0
0xbcfc3c95d38b89d4235145c40f3b19f3314f889a,0
0x6abc69dd17627fcde43b80e81455c772c071cb27,0
0x788c1a75d85cd584ea8714eee9f9ed3582282b7c,0
0x5362599954b0851ecc400763847a687593eb833a,0
0x84ea0e887e1fc5c15e402646b4e3dd729ed9d2a1,0
0x2d9c517907e2ccff451b86c4dafd7abf3ffb62bc,0
0xa9e9fdd7abf3e5c1f14dca16d9bca256239fc5cf,0
0x6f6373f9f21b201ae20624ec792bc6085c6886a5,0
0xcb67c75aa3ea9dadaa2fac6d1d6fcc4f61c1f992,0
0x6f753b683334444a6a2cd2ab728d97819ca920f9,0
0x21ca3123ed120f668de435ac766b4d87a2f411ac,0
0x36c35213070b8e7bd2154b262b38b89607c8056b,0
0x804dc7ed95100e1e8f88a232da3b811c312795ad,0
0x7882089db795e4225080850c43dbb3340b549a66,0
0x73119df7d8a34fb0b3f7a779fdfe06e8e87802fe,0
0x73296438c266008d456d4bda73c874cd8104d411,0
0xb256a7550807c00bad0f011d7dfbc4d843df3f3c,0
0x74154f0c8353b77e867081f4d55d6f3183e0f84e,0
0x395895d26b36f2de41ee540697089366ecb483dd,0
0x5b8ddd0b36596a5f9bad501b8b02f1dac9fa5eef,0
0xeaf1abbbdcf00628834695ec6da34c1f915fa158,0
0x34315fe0c5a1daca18f2fb835af54403d1b0fbb2,0
0xa752591d6e23f350c3c4603c1331fd78efdefe5e,0
0xfe744f8fe5024d14449218111e85ca1ea151831a,0
0xef340f2b802435e59df0cb1eab8430626fd55185,0
0x4001c5779df52b7234e692397a5a3a593df20011,0
0xb6dc8de53b485f366b13271c0051b79bc78d0143,0
0xe092f029a1bf0e9630ab515361c96121083fe77a,0
0xee1a5f4167476d75ae474e30989ee0aff03b35df,0
0x55283cab10fc832f35b49f080c787402ea1b993f,0
0xf5c5035f7f9c09e46937b3b4a705e1353ef4ca06,0
0xb248358d9a30e89f75eabbdf11a18a0ec0b3374e,0
0xecfb8eb05bcd22a6dfc3431fefbfa9b401179117,0
0xec9e62d75fb25d7b9dff679b21ea5103b773766e,0
0x2695ce3d40ab42afc87ccada32d37085116a438e,0
0x7a63a1a9f065c5c9cf5fb41f48fb3e9e876888fd,0
0x9e5121f97cb6b9ff325bb6314e1c3650756d3615,0
0x68bed8a377fca4b27690c2a15b9f119adc79f839,0
0x80cc19d76e8ab17f3545c6819dfca8d66cc4ca61,0
0x39c620ed97a9c68048f6b636bf927db612d0778e,0
0x38e7da48fb5ceadc7c1d61ad0a4a9afd35a8cb59,0
0xc28dee5b1d942eb4cb3b81c4e1ff9d1e28d2a6fc,0
0x1ea842ef7d74558434169dd26b5b717d2ce45d8c,0
0x5734f4ed89d2a7508b46ba32a632fe781dff121d,0
0x209426d2bf2c25e91bfb7b8f4074f6feccb65bee,0
0x8b0298ca56468b19cb64ff85fbf39bfd0be545ce,0
0x9717ef97699f62f49dd6aa5c120a16def2ff27bb,0
0xe0a56586e8a62e1f080ea4630dd9d473257f342e,0
0x0ba2d6f63ed9221618e1fb4b1c99b3afff162a89,0
0x4c9c0b362e0f9e61b2e462c99fb99f55ba6972ca,0
0xb7e05f4d54e3fe3fe6822011a1c65b59ca3b1082,0
0x3353a1e9a48135f2aa7681ff08b5bc0b247a4ac2,0
0x3f240d1df54e201bc83b2857ca68a2112e52e428,0
0xa3270827340cbceab4e525eb55c96764d599ce83,0
0xef38ad37fd68ab0f9594d7fd41185a29496ece2f,0
0xaea903309562ee92285985bbef890447c365b298,0
0xbd0b80609b169160a23f8e9bdc784780d3d390f6,0
0x7ad1f2a5fca2a3069be6608da34e56bf7de48ba8,0
0x79d6e55a76839cd691f17d38af4a1584c9811c58,0
0xde6da1ed9fcb9e68d12fe1740aa488722d79472c,0
0xe8d2775b661c2ec2ec250d27a37c0d4dc2026a4b,0
0xa19fff29596c4c17d0d16f90a557eb9fe22018e9,0
0xb949b81ccfa35ef127e8087dce2612234ba45a52,0
0x7a8d8b605ded7661251fe4a41aa2eb15407dc07f,0
0x758ffffbf168d759ce0e1feb071934a9220efc6e,0
0xceea3b661d36d32292b2f7012fa8f73797465f42,0
0x6545e570ea69fe9e1ea1cbe261fed8792dab23de,0
0x4932b32c09494584856c2efbf9409df94fb22a81,0
0x1f8deaa6ab529b9bfe215c4b7d746e36014ad703,0
0xd2ad0ac50025f585481f93465c4c4004a0622525,0
0x6230d4e55609bd3f711a64774913e4e71cdd9dd9,0
0xf1c64731de71d7f3e0e2c3355b56d13e0c4998fd,0
0xa31b3e3b993dccf67c6148c39def021664fc9a29,0
0x645c786497f691aa467f5d7e58b45b166aa19e92,0
0xf422660a5407255cf2a3b689d4fc5cddfbb2b332,0
0xe9d2644bf4bbd032ba3a70184ebb34b1582115e2,0
0x56fe9ec60b589ef3c57eab16b901777f86f707be,0
0x3e82128e54e6b4e23f1dd086391b11a0769475ee,0
0x31efadedb5b2a827f1f3d2edd8b54cfb6960e758,0
0xe6c8dccbb82bd54f44d7782cc2c66e7c7d93793c,0
0xe87db8caffb8621ba964a1f56d72c666fe52a535,0
0x739a957e3355b7be8b81610bd2391a56f0878afb,0
0x24305546f710b6186676805089a29a06332bceee,0
0x446df5cec3e063b76600b74f1eda101d573b7aef,0
0xe005b96c6ef5ce3f1628241c35e89d6df2d0017a,0
0x2a0228c702c77b21379221f02ab125b61dc589a8,0
0x82b8fcbf6ab0d4deac7d4ae16fd21cfab1ecfaff,0
0x8b43b49902753285dc6420716b2aecd2a7880052,0
0xb244a22b75f796c583a418ff5b0baefd27742590,0
0x2a2a19123691f7db27810e87e284f4813d65dbae,0
0x9b00256cd26b6954fc6c0163e369b7a34cc637a1,0
0x7bf56f4106a0658e7b381b324a5edfb65ef5be04,0
0xc6ccc93f5c198ff21ef332030fe23aa51606ebfe,0
0x36a68fcccd8a4c57da0d74f8322b5a7c0aedeb61,0
0x6a98d16e708d9411bafda2c6f5b4d94eb6fb2be9,0
0x36f7319aad6ec03e4419d74836bb01317efaa578,0
0x1cd5ec6d5b75e25481369f88fbd66dffbb00b871,0
0xe40d22f16d0963cd2debaa42153f398580fd27a8,0
0xebee1aca2ea74ae1e94e93daad8dd9b255dcc97d,0
0x2cc6b6a5ba2f906845bd6d6746ba80af41e1bda8,0
0xeaabd0e2b21bd96e311a5bbdf9520804ae106f22,0
0x9da0e2881d506b136597c56e94419fe3e3f3d5cf,0
0xbb874fff6e1e6a2351cc8feb8e4b890e39dd816f,0
0xd405e4d312f4650f5aec856d3bca9023a0e385c1,0
0x1f739262b8046554a9455f8cfa7438916fc38506,0
0x39b1729ab0792ab7c03df2059536f189af6a7bb2,0
0xc0ba7c190a60d90a167e88ee6135808e1b21ec7f,0
0x0fe32c1f80c2c37a30d0feef8f5684f59f79bda9,0
0x07e41dfaec91559954f5f9e43cd9c21a0433def8,0
0xc4abdd5bcb16851a31ad80647f3f520e2722664e,0
0xf2f620376df7d9a61f170a2a5b5367882b88be99,0
0xded749938ec8543354a0a96d0df17c36e8c69d55,0
0x03b4ad412401665fbcf1ae2668dfc35357285e4e,0
0xe202a6e1e5bbaec382968943e1d4f5c8d7cd7ea7,0
0x2b46d4b583e9027d54660e645b12d384e27a9c6c,0
0xc572511d9c7764e91acea4739d1d587f773cc1e4,0
0xd2125a3c7a4fc9460e560a4fd975da4166940738,0
0x7fe0b05c4fbaae8e85c899d368ef96ae96ff393d,0
0x133be1f9081ad2606605399f609e06bc3763b4ce,0
0x1c01a89041333b646ecefd8b47338adbaa9e3617,0
0xb233aeee3cc640c86ea3003cd7a6b14f0c2667ad,0
0x4297bb5b16696a7f0f60daa5673e28e4e9703603,0
0xfc6534a1c732b1d04b84e8eef19802e0571a7fc3,0
0xab859b089fbe7653d79f00daf2f4705effb36198,0
0xa4984c9eb929d316b3633a818bacf4294594d417,0
0x79b9b126418ad885495e4d4684e75b4f8890e721,0
0xd47daf72c8a5a479ae0c4d32c28cbc217464b4d6,0
0x4837689b2b7754063daf5996f166fc82d63de75c,0
0x21f0c58259cc9758ce70db16db0f3aea7be0c101,0
0x187145f814c15c7430b4c68d326a7c4d081ee91b,0
0x6a878554a10645571684d991d51bcb72f46e2a1d,0
0x1543f0032ec7fc1ab238b3c7ed7e119c281ff1d1,0
0x80eecfab88aa15c24edd75d3c5fca5b9a97da4ac,0
0x339bfd5622e7886ca264a5d8c6c29d22793b4cd5,0
0x982f162b513f77035274b1fb5c271c4f6641de6b,0
0x3977642b6043237fca4b0e96763ee35b12e92431,0
0xb160b004d442395ded2d7d7e18098a27f31e92eb,0
0x2078133ae7a452ff5bf7bd2c145df8f5832c5269,0
0x87f62ccd42392491f39851d3ac43e7ce8f127819,0
0x6cf5b74f257a3dde5517684d4169a6b08c99f192,0
0xc8aa87827ee426abcd81a5ceb6672b2a77260719,0
0xa5fc0fad7e2ccefca431ba8d72e0136aaa22d3d1,0
0x3a99e3f3640d55b066a6fa2f8b7c4080283f8365,0
0xbb9521e04532e5c58c19a5bc89e1731141b6ec15,0
0x1d9d18043d64cfcc10398537a876e82f23bdae26,0
0x5e15d6c31cf900e5e57bd78ec76d9453b4bc5edd,0
0x9b4bea2bc6ce3f8c30b7e0657011dfe2e3ca5b7a,0
0x12f7bf525d22a4f720a046c89cd7231520f068e2,0
0x06ec702492da7c44dc19a9d3ab0c9c7d47c8a98e,0
0x5d63b0c6cbd7bbee46916d7a2cc70574b55013e7,0
0x9de8851b401ac26db7ebe13aa7c5f1b8f3ad8d97,0
0x0a78948d03a052476b174179d7693a0d73e087fe,0
0xae021e8b1c9f8985cba349777e9586eea1752893,0
0xa24257371c1c6f727b44f8a2d641d563d678b9fd,0
0xaa352f115d4fd7c99ab16accd26bb673524df1e8,0
0x66b771ce01f001938d59c25f4c8c4dcb9c24ec3b,0
0xb17d58364ba85f0e3fe4d2643a2a54f2b5343726,0
0xe0caf6b3db83fae9c499571adc65f77ea57c6638,0
0x39d9ac2322fa2e53f62d734be51cc95c50bcf44a,0
0xde729b931680b6e02e2b8b618eff7fe6b82231c5,0
0x6d748d65ca57006be90987130d389c659781ec2b,0
0x32bdc30d70def74e25eb3abbfcb7339b9c195f02,0
0x57123a251f479a67096ed328e2df34710e06b7fd,0
0xd0366f6ec20b6539f477d5630e9cafa7df3ab739,0
0x1a532173b69afd20895c7aa5a7ea4e0b4d710e83,0
0xd2cec2edea5f5c758754aaf3c5149426fa364888,0
0x84b6d9e04eed84d27c28e6829f4e57f11246a22d,0
0x67baf13d70e73d15fb4b3f0b43f0424b5a231a36,0
0x8b78a14b0f17edc4197211af3919c815a4b02d93,0
0xa8319d0a07a05cbdff2f7ca18941db8f0e37edb3,0
0x05144d4d0c333024c91830610f1ea0ca9481a03c,0
0x0d2e5852da2ac6c6daa07f4635e5826a50a29ff0,0
0x4aaaa94f11254af5ffde3a1b8fb56f5f4f1b21da,0
0x44b7da55af05640af196e84cc62b024efcab0d7a,0
0x6329e23b98b3c9d49ff03a4b078ece616d4c50b4,0
0xb1b83f91797320c7e73115f7cb0d520125780ebb,0
0xd8d2aa5b67ddbe3c823be4d6a5af75b6d0277ec8,0
0x5bdb2705b67801e29c17f1b4a2deebe432a1d94b,0
0xbc064c11d86e62b034a18d43515415190a44bd29,0
0xd5498487890684a096258c10a9618d970657a123,0
0xae0a5ce69e1beaf1fcf9cde873eae859e2963e50,0
0xfadc7ae05ebe88eb99223bda65d526e6d1d9ea46,0
0x02d967ded642bc8f990e5ab93e855ad2009ef968,0
0xb521640a5ad64370093ac363388e6f888144a606,0
0xae4b4c2d89987d11bea55d778edca9af09db2ea0,0
0x85f1748aacf71fd43136d0d54bb0f32bf71ecd98,0
0xd31cee146c4fb1524a52c197a6838619d420443b,0
0xde21672fed90fa69933336db340d56f2e5c45948,0
0x258d125b8d483ca2ddc62a733be0633a8e10e014,0
0x4f470f911f9381071d4f4c110432db17699b593a,0
0xbbd9cada20a4c44a421e55658c99a87dd6b6258e,0
0x054c54e376ee24c217d334968cf151e46f8cd4da,0
0x071f58ff0c6a50e782dbc876debf0cea762aabb3,0
0x54a76da74da740ff2bc115fd84e71a5f4eed1c5f,0
0xee8dc6ca87d4a135f379ac070a8a2fca229af87f,0
0xf10207fe3f759527c60df16591714b92631cf00c,0
0x5aa0158157fabb9c528d4c7fe6cfc337bb78af25,0
0xf5cccebbdbccf79d29d4c340d3f80d4db40fdd56,0
0x8a444467f1f314b4e3ec29bf391d474a884908e2,0
0x50e0cc3454b2af5ef6e07691fcbc481f28b2b1e3,0
0x0f0101be3b7f5afc13035baa6ed9888cc4873075,0
0xed84d30695734ce42d5421fb2358d301b618a868,0
0x04bdd3fe064108cc9647312fce1ec261eb7e9dc0,0
0xc6e6339d7d8f177e4fe55b263b61c060479012b7,0
0x533e276129a8163ae2bae7b52f762e2db8015a6f,0
0x605fb1253e89130cc3cff7f5fa5b42a8e511b40a,0
0x94a8833d38c59a546b0922b33ab907ab47c253c2,0
0x1b53055890e06042bceb7779479a4f7e3288e1c5,0
0xd5f26ed8d0be79184c001e46cd2fe7ac42be393a,0
0x77c09c0fc6f6a493248fb4e69eaca60248de178c,0
0xb08acf64c561da343bd474225901dad5efa47085,0
0x313ef907e49ee14ae22d51ba9f7ac3759305f6b6,0
0x702fe5a2debae49a9bf5f9f15cad5a0c8f9aee30,0
0x411aed3c215ed4589108203ee3c75febfb41980d,0
0x8a81c756cbfffbd51b6b90a6a957dc39cb26911d,0
0x060e0f9c9265ded004008ee830e96b87f6817364,0
0x87616d6cfbbf532e24005d02731dbeb8485ca355,0
0x8864f79b6432210253e1cd9768c10e199b4f1c28,0
0xcd7830df743f4fc98942d4fe53e262688b49b45e,0
0xa5404d6fd2cc0a5e7657050df7f7ac372b62a8f0,0
0x706557c9a404bb9bcc6422daf0d48d22e707dcd1,0
0x27b42c52693ff7bdb03eeebafd0fa1fd90ba79a2,0
0x7a96a6496f65bfe76fe7d71ded00b1877f234238,0
0xef6a245d061cead66f9d9d9a4d11ae9d610954a7,0
0xba341933dcec742bcdc3d0ca4e0778b6af466055,0
0x2849d253172d55ee797fd8d93bcde2f0769512fe,0
0x7168207ba56da569ed693aad63eab796ec1c8673,0
0x7fb045908f72a1256ff2d7f9f218d5732b0b7685,0
0xcce117c85ea0a505e4574e71b174c231182cf9b5,0
0x1a93f8cf1cbf5a68458629b5ca480e64a558f603,0
0x204c1e8f73dabd7cd50a4f173af5a7a7a1c80544,0
0xa0dbf17f0506f68c024fd362854fa64bdee76aa8,0
0xc9642ae254b1d181f31ea8cab6264043dbb209b9,0
0x8b4d30dd53322f91f5f9bf57eb69705c6eb9c0ee,0
0xbc8073e9617a76d4d36f09641a4a0127bc9a0b32,0
0xc9b88d534241eb7d7f008b90fc151a645d0f9463,0
0x7cd23d8ef9a350ce113af4c8bfb579d43abfe9c1,0
0x8b6d0731168aeabcce5f0a0ada695d1570bf0b95,0
0xb9034ebe3d9cebdcc51ac4c0ac6728762418ccd0,0
0xbda835968540863e7b2cae4ad40331ec8582ba8a,0
0xfaf7d9fab4dbada545784c86429955aaf9dd696b,0
0x28645a13239ab50f940f67098432b1a5d097dd77,0
0xf0dad89eecdbdb4e828041e6a36f7f9abb4d4caf,0
0xb36a678932b12ace7b4190e09c1a95a99e6d8ab6,0
0xba20030841717792575089eace12e7993c892e90,0
0x4488b82427209476b213cef59c0b545189c10b99,0
0x8e9967bf653bf1aa4f7bca418739c3b165e31e22,0
0x4d3536b6ab61d4139e0e7116a3a1f4b1f4cef959,0
0x3195d3e0a8d91068db193b7da2e095df028f1ce1,0
0xe253c308b7ac767dc8f4e7870b4ad0b5e1b0e371,0
0x82df6f3799839088c883583af45bbbcd0eb6e2d1,0
0xed5778320271b73bbcaa858927993561fac01e2a,0
0x659b8cd5332bb3a9eba4a2101f4dcdac421d2c15,0
0x41d2fad7f82cdf46b8f441274bede4ba22ccb98e,0
0xdb6fb1424c0277b9400076187778b966064e60c9,0
0x5b4a5ec1bac002b6fea4888c0c8f31baaad13d87,0
0x859ae59f725b87bfe0c158cf975697b3f3d84a97,0
0x6b8a42de191dee42834151269e08af9656e5bbea,0
0xd8c02584a6d22c597f3906414e70f7d135f4216c,0
0xc45511b1e77c5eb7ec4ed867abd4eaafe2c82bc4,0
0x8694f4e18b1863ad81cc8b30bc7c8695b65453ba,0
0xf0f3ed1c5a3aee15314691493d44cb653eb92617,0
0x3e721fdc5a238ec8c05ef94b29793a0434f74864,0
0x36b1be80ab77491baef9e030dc852d7525e5470b,0
0x549216cf6a0da99738c7fa223b7e92e81573577f,0
0x46eb7ac3ab7af32d8e1d0135430461623790aab0,0
0xd589d4336df8e76e0de35c9c947ffc0ef82a3628,0
0x94461654fbf191f61b4bf141ff8ce0fe65a07f96,0
0x5237d4a03696338962f37b3a518b8885181260ac,0
0xc200ab2e10d37d11ee999f2f04f9b3819efa4d3f,0
0xe022d9436db6e4a46e4dfddc6a0ebdc2b0951a74,0
0xf2adcd95673fc0eb94d592a1d8bef3b4537bea80,0
0x6dbdecc7941bd08d126ea25d3159f56d4bceff97,0
0xa8c4911e9f70ade2634a4e127548222fd8ab53c0,0
0x831032e90bc48d90f94d0b0e0fce9ffd3247de24,0
0x8f46350240e1e0c37e92b146bfde740f2fc0125d,0
0xa3132630db456ced6484413827a964c6e4fdf5e8,0
0xed0e0a69335e58bc4855f62571cd09bc591a7220,0
0xd53c4fe22186d1f07fe69178938673c04357bacb,0
0xb5c8b14a6af8cf424dccf6779cc130db41b0096b,0
0x3df5e63cbfa7cc31d7fddd45205a9e387de74c9f,0
0x9b41cc958d2ad14d73fb82e37889b827af373606,0
0x8e131b5cf1e1616dc1d595c4c351324ca40a30df,0
0x66d66a0df96442ea19502bf706d3443e2f06a0b8,0
0x7d5e3402429ea361de4bc77fd2bdc3d38971f88c,0
0xa6d855361bbbbd3297168c978ba853d6e868fad7,0
0x811e9baa61becc1e6941e2156feb7d69f580f679,0
0xdc0748de00d19e32cd9ff3f4f24de57ce0deaebf,0
0xf7fd92d6ab47d0858c7e283fdecd165cbdd44989,0
0xdfdc79abbc3e51c5acfdfb2a1b45131207276ebe,0
0xc385d94c2e870c4426ba5f1b8981efcca5cd72a1,0
0x14aa4e0fe4e2ffbb4905baadcdd3055147e1db37,0
0xf4f4c89e9a871b67044394607c72e99dc458ed55,0
0xe2e5c2837a210e31c6c0e61f617ba9a4b54af886,0
0x471dcbaa4da162992bf496167d345fb9fc2630ab,0
0xc4c972ac0db369b1c2c3778ca3a65899a4de5da7,0
0xe6f58b9b9e7a9e5ffab1d2a3dc6a4d552810bf58,0
0xf93f7fadd80680e9147e08639921d4f30f1b69dd,0
0x9333ffe2b0dd6d4c306db8c1367ef23583fbdb5b,0
0x4408e0e5ca3ae26e5bfab6869c3b5a006ee75f53,0
0x1d99b91ce28d0cd964596b1b04160bbb15458186,0
0x2e2d788e52d5809a9e555751b3af3672e38c20e6,0
0x3378a769b1c3b141836500cdf6d088cbb5a19526,0
0x9f1d94531c4e47223d0cc005488455a2317f23c3,0
0xa559b94ebffca38f9e09985f6967191b28e56aa3,0
0x2c64b84b10ac2fc88d34ed4f85ab961fac33e5f4,0
0x1b45cefbdbb37e52c783cb872a12a28d9a951ac3,0
0xe32694ec7d58efa5157b9fff2d8b1dc48cb4fafd,0
0x8af27e2c00710e3b41041402055e5c9fe2994750,0
0x5e7f4b08c1f223880b51a4792d0f9811525a8bb6,0
0x80a0edb2d73e25a6628e39f0a8c5c8e1d7e5c7c3,0
0xfe25eacd1ff796c050c8b3c1788f9361194b228e,0
0x6c4d3e9fb33f79f1b998b9c7977993ecb5de3f8b,0
0xf848d6617c86192556c5d9b1bf31584bfc57bbdd,0
0xcab8a58a84c1e2aa505c7b8ffd6051e972ecc6f1,0
0x969ead3df28608f00501ced6a92f87f687e653bf,0
0xffae9d43ee0571c78f835093ea0283fa6e3cc796,0
0x7557255408a75cf7f3ed9f82ac9a0029d35bfda3,0
0x8f028ab8b3c2b30ec1d77cf166de18fd03c024c3,0
0x9d99f13471910fcfbaa85cf8aa3562fae7dd5119,0
0x7c18d647b8f6cb66f3fc17ca8aa3a7125cd9768a,0
0xaf3bc79d34a5cf3bdee3489764f34a8823b94aab,0
0x276fd2fc0ed2b8b6cd6efff48cd3245aa3ff9e9a,0
0xd2ccc8c9d20c2b5754d167a2c00ab22de4a66771,0
0x5cea3e755c3a1b479180cc944485424f510409d9,0
0x706ed00f8bb75707277c38501c6f4e03a07e58f4,0
0x0b11c3b53f0a8224828f7b0e1ff10ae725099065,0
0x9f9c2fb318b8880683feeedf5c5358f630300017,0
0xc95265daa32cf1e4b53d04076542938c03622988,0
0xd272ae41aa744bea763b960476cc23f9ecf7806d,0
0x337c9dcefb64cb01de20b5ea887b6e2124da99ba,0
0x595afd5b1696f18f415fb12b5ee2e9b0aac88c80,0
0xf08c0b95a8063675b0e9a79ae2e6c758bd7f1714,0
0x6793fdea808ca6901a7907b581324758667e8624,0
0x8d87bcf95527fbf291059ee29b9ba4fc3c64cb4a,0
0xea0c48df3d21def4a518414e0719c19b32ac7739,0
0xa64abee6e650063a628ea3281a0aa748ab7b06f7,0
0x3c96e75fadce0e4ed3699a9d661c253e0bdbbcd0,0
0xa19922f9975df35fff58b238dfc90f5b326bf2f1,0
0x7e6a58880277b44669c6eee5510ae93b7800615d,0
0x71eecf30c797ce49fb903196458b3792b1573b44,0
0x5325ae12a30d9ad55988beb1b20b82ae6daae314,0
0xa4377735a3d4649da63c2bc470f60698053c5a71,0
0x12197540317574b5ea45ebd1980e5ca59fd61057,0
0x0a43a8fd24db03cb1e600f3006f8b19cad1ab675,0
0x9c15238693002fa32bf298175cff912dca94649d,0
0x5d0c95e1d68ddc802bcd954784c82440df6c8da3,0
0x747cfd4ea9abdea5ed456c7e84b1378db83c1da5,0
0x4141091c8ad3074600441133c771550fd3350fad,0
0x5b3fc37dc4ead37b58bf8c98c1051459b8135722,0
0x7ceda40ebc82c33f464e2c209c1d2902230d0ca9,0
0x04d1d06e3a5c08bfdcdfc25ba5eb68d2dcdc311b,0
0x9bd50cc572a03a7ed62f75fb1edb659c0b746229,0
0x706697af096c756b9750220a20b388c8cd791469,0
0x1a1ef910f73c92e55cbf15afff8507e061aee12b,0
0x6dcc9fda264303264e34e6fe64bdb4bc5dbadc78,0
0xc5c0db5cf3e27d1953564a216786ea377700958d,0
0xcf25693563c4e7c62c06a29e6f0c031e4b60b55c,0
0x5e542983f90cb89e4efbebbfc2f6499a464cf382,0
0x08fd9e4d7fbcea74e9f8ad0cf14181bb53bca655,0
0xefede918c3235a76a8c6af110218af46e6cd77ce,0
0x437d22573ef8498bbcf2db9353eaa87371729f66,0
0x54ab174d4cc14e97317d1c317b5ec61ad0a1f1c6,0
0x7fcbb6fa4827f897256c4b9f797684cb9793b3da,0
0xe8fd076b6a89f810648450033a753f83d7c6c674,0
0x55cae51ac60a51ecbfdd26b755c842046f3f655b,0
0x56897555423d3d6350787da59242794cfa38b921,0
0xa85332f0f0c63bde8388640f7a6a468233925a0d,0
0x9b675844b0a970f7038f18f678916091ccbea776,0
0x8b0c38fe5e31e3e2f37906fc1a0b9578eb311441,0
0x619318e5d98517310e7db83e01ec2ad554e45993,0
0xe736667869ef46f78915c000ba2db98eb83eb888,0
0x5a8b2d4a707587493313b8e487d3fafc2b774a99,0
0x8166c57e1e3c3992305a51cac39a9613716a64e1,0
0x97f148dd7670cc19b8c2d3cff8080a29d9480851,0
0x2b7453f77a0936a122f9c28f6d6e4920d6447076,0
0xc6218dfc25f163e3ecaca5b361181574f84cd6bb,0
0x39bd900051d5ff546d3e774e34aad0c1cee0981e,0
0xd5aede78b3b78e4301faec234778c71d0a5390ce,0
0xc66d3c374c1c7e777bc05101ce84302675191750,0
0x0b85baf595fb8466063d65bca96385c2c26a9a17,0
0x39efd80e4e189726d7e7e88c61ed8e0cdf1d87b5,0
0x285ebf668f85798e508536c68f0584efcff22ae9,0
0xcc5703b9a0158277fde7f5ccd6506c3e68c62ff4,0
0xebbf52d99efaa40c4403b3baf9cd64ef00e42b80,0
0x2974b271e86376e30f09be0259352303538ab0ff,0
0x43f538d802300bb49e02a5cc9853e58037d10beb,0
0x603ee710c243afe28e4656eed2f7589ddc909341,0
0x29d8ff4c3ebef0f58c646859af445b7a36dd443e,0
0x65f0d0751e467bd13d18a9fe2eb85ef214044590,0
0xed3226490b3031706dc19fe93eb5048556cc0e60,0
0xfbde046d172e8956dabe937cc5eeb94cb929d563,0
0x42055f51e8193e376f4ef37a4af52fa0c4b52350,0
0x4ac317fbfb5372f43fd6acd59e87416539ad76e8,0
0xca2e7044b97a0cbc22d016e1f64ae6c9d082ef77,0
0xf436338dd7e4d34e3a3a1cacb09a01cfb17030e5,0
0x462e405d37390563909abda7d37a032fe6c6585f,0
0x65f8633ad4bd37b370acd6099e1e26bf0fa9bc85,0
0x57714afc7ba75b7c7dbc26756b12683ad3ee8cf6,0
0xe149aac89e746258598981be9355026dc9f595a4,0
0x3cd35fb7c4966ee2383933dd9b1c70c8b4c4a444,0
0x5a3e0a941ed92c28a89367eea5d0fbd37fcd8db3,0
0x4e4406fce144b0fcb66d169495d32bb493ae8c76,0
0x09b54153cea31c1751b387bbef6394f13aea89a6,0
0x88db8bf10b96ebc49aeb33ee86c13bee7163590d,0
0xaf2bd128653d34ce56ae9e57c31c5880dbd3e949,0
0x549fc3ac0e4f262824caaaeddc4e4d8dfe1a51bd,0
0xc49119b1e95d96745e64b7117053738fadce219f,0
0xc2737a362334551c5503308a32336a8c84a3aece,0
0x37a6ebdf13d25ce18d1635c40850850358962480,0
0xbfc1e616778822b74590022ecbce1ea40d862ebb,0
0xbd3a75a6a938d89c7c5e434d0545151f4985beb5,0
0x4f585986b69200cb424b30e6af4f8a609c8acd94,0
0x639665acc5be49db774e09e990a3ba19993f80b8,0
0x09d2961450e0e6c0dec352bbef37e4b8cc0305ce,0
0x6e1bdec7752df84d1ee4846dd5c77f8e1c35c52f,0
0x73b2b9844629cde882f6d87ac5295ad815d841b6,0
0x37004f5079a49c818b6ac5b2af3a26e2d759e993,0
0xb28b53e17ee0a229ee2c5f1a318f25e70c4ed951,0
0xb4da7c212bdb3c2a69090c4de7b0ccb21404e85c,0
0x8661fc507859903140861d79eae3804b13c6185e,0
0x7d14b5bdb5ca43fa56f8752956d5290eedf85d32,0
0xce81601fa29be8d30046313895ded728b6697c16,0
0x8c8a35fae4c9eb9268e4480a6af939c947d38cf8,0
0xc4a3d127b60bc6735656e81f5315979a746c815e,0
0xede5fd88117ed69b31119141f60f97493da331d8,0
0x32334ff8e3a2c67e85561ccde2e098d6cda852ab,0
0x5906a6db435831cb07a063dd16085c40f7618196,0
0xa3e0345567352944edaa7830280a0374bbf6fd32,0
0x2be22638f2d198d96c2fc8d25c2359c966fd6816,0
0x3edf5e8e6ba14d6e5b3a03d8c14116cb779558ab,0
0x1653acb58a667587c54c934ac8ed481d7b4b4ffe,0
0x607e989ddf2169d1673c898a6902ad8befe335d2,0
0x8abcd3ad104ff01bbf4ccfcf2f5c4dc3d8162482,0
0x6a316279fb0aff2e076daddf124c3134c077c1cf,0
0xb660a02db03c988ba814c3dcc863705acda00fa9,0
0x9d19e90aa953f6c6d96d9fffb4fec73d23f3172c,0
0x11edba922e5d47a5b9a8ed85d09205cd793238ef,0
0xd8712379a9f3564403eb5c0d8835c8617da3340c,0
0x5647e3a41080ab90f5b3dce647c2bec7fae705bf,0
0xbaa04d10ad6cd90ee73f6f4b6a17cb7dc19609e3,0
0x8814c4858e271a504064099a49050d70805d5301,0
0x08aa15fd08265dbb4b2b05b97b8256b21adcbecf,0
0xd3c90251db38190867131ee5413cff48de934926,0
0x12c8cd889b2f555701f389c3a3e912908a08636b,0
0x8280c2ee0a7f02e08c04e0963ec5ede17e57e98f,0
0x8dc58d687f1709ba34cb646f3ea9586ad10b2fed,0
0x653b508456589cfc92fca9f5cff4e173a85caf8a,0
0x4b9a169ec41d0568e01446263d2bd52317176714,0
0xa2753a8789e0b8f1505592ea94037b8365be3bf2,0
0x8de470ea5d75551741aa650f12f6cc2891a2921d,0
0x5beb9da4d0e045f9af9d13c8be7fe9bd86f84100,0
0x017175157e679eb33113c359f357fec647a8f423,0
0x30f38afeb9148c8887918aef8406fe061d539314,0
0x2a5ae49380c128219d0cfa78b5137acb4411e46e,0
0x5efcbe371e99bc3222c134fb403e7f617c10ebf9,0
0x779542526122d1a1f9a09aa134e902e192408a94,0
0x07fceaa21345826e5a161f712b7d8b7e9511d7ae,0
0x6de5a4b33add0254f6a1c80c2c389636dd65f3c8,0
0x82313f02fe7c4b01368f2c596683fac43c1a27ef,0
0x936854fa694010be50b47ed4d6549f9d1fe33e6b,0
0xde093a8a73da87634662e4840401f609c94e0ec8,0
0x4a79683bb1fd571f33fefba75cc0389c4f3b9a71,0
0x9b15d02366c8c229c9c5738eb49e694570928574,0
0x266ddd68691533f498aef247ac4968fd0df5c194,0
0xc72342e16fe2181182efbb4f0f2d070eb6799981,0
0x506ab943b58e0c4f85434e8bffa0f2b2bd8c1517,0
0xc4ca65137c7d41852e206c365203cdfc33d728e8,0
0x666d8074a282d461ada301b09da6eb1ca44645b1,0
0xf11970d05524d359fdae87dfd9a17f1fa16cbd2b,0
0x942320c4759f4e9acbdd44ea63105b258bf5057d,0
0xe4f9a9ed49b3bffa76f964c475f01bdd88c7ff94,0
0x8f43f2dd81c27db26df7efb302e0b97b1382b57e,0
0x036a7a778c02224072d35a13bc869982b1444203,0
0x4c2b3dcbb4b344431b99ccafc77add735eb1c877,0
0x894d06fb1b42ef0487bbbbb3165c86c6e0b7eab9,0
0xa713917cb8dca3251f42ccaf745a8fb2148b9fd5,0
0x49cadd131839207bbc4fd9a946cd3d03e373dd1a,0
0x30bddcd5e7e1fb531fe71c18a4249d79a0c54b3e,0
0xffd33e36493efb8f57b7c5d1d9275f80b445824f,0
0x81856632e0e5359609061cca684b667b2b4763f2,0
0xac47c428c46b28b253c03040e65620a647b399e9,0
0xea224dab2cc72d4b8984a9d4d51b1eddcda0c0a4,0
0x879bcb51d08accdad6c9725fcc4bf8a1ba7e94db,0
0x6b50b03c3fef48c3c33eda517071a560904b3d41,0
0x1266e598c5e397dc8201b4178046c8bf58d3bc7c,0
0xac3b603fda0a652abf5bb76d6306b00808328c7b,0
0xc2f0d21094da7c5e7d6774e02695821f598e436b,0
0x22a646ef282b62af0391eba132c53dc208928182,0
0x34f26b003547156c18aa84524098fbfa66a742aa,0
0x1df81b5c072b858389a9594fe2a65af402b071df,0
0x27fcc7ed7fc38442752669c4e5f1bc8a66da9a84,0
0x28f2d99402982eca6c2c48516889c764869227fc,0
0xe14d6927f48c6132a9550cf206afe5952a467410,0
0xf87217d81b62ed519023b80b84671ae7f92c8625,0
0xe012517da971ff66fe259e181a6ece8c73282646,0
0x27a5ed84feaa743e8d9239d18b83759bf609b63c,0
0x2090d0a82e65c7b567db4693db09596ceb542cf7,0
0x9f8a673e64d435d9ff97d0b597799913dc5c9599,0
0x5f202fa937f0fc5d70fda3cb77bce20531484857,0
0x3787a4a05258c466988a0aa0035ecb172a240deb,0
0xf0cba1484ea81d2bd092903c3c61519aae33a25a,0
0xc51690a41ebc12ce1950918a12afd2e485076615,0
0xc0d2bbde1077e8f5aebed73617fab006a799cf92,0
0x58904be7cdce0059eb1fb2912da1d4a591ad1cfe,0
0xc48990bd4698a45da9ea999aaad54c194237d52b,0
0xe4aafe09858b3cf3d49882bc631b6f1358375da5,0
0xda00136a3cfce766959573abe60b80b702aa0026,0
0xaad69dfd7f75e922e7bbdd37de841201b31d2428,0
0x37df94bcf1ae14a29df5f75c80ac5ea1c855ad4a,0
0x1b0dee52aac484fb6c736d6f879d08f57ecb3bfe,0
0xa3c7654f2db458189266baa5a4a8bea1278d03c6,0
0x4ae4bd1124ddbf451a46df83da7fd55d650283a0,0
0xf7ab4b1724baf0f716a2328f68849075149db4c4,0
0xf83f365b394f2679fe7aff8660dd4884d7bec166,0
0xa70b66d384eddd771910b1ca1a03cf5883aee00f,0
0x0c3ee01bf9fabc58e746eaaa1c70059c843b3dc7,0
0x36290002fc3414c5ead74fb63ba98b5f296fe51f,0
0x27e874a5f1875ce61f1efcc59aaf1c83ebcdc07a,0
0xbbb5bc2978643ef906792c1736b097cee4fb9966,0
0x0c1c41b0abea5d5d808bf42eb4e4d1c5ac4ca0ba,0
0x2fc9716fa9f42d9f9b5e1bbfa2a316759abc38cd,0
0xe8af1110f3c6580f6b62c1c0d9d48df0f68683da,0
0x08b87899638103941afcadb01ea4774a322bfb7d,0
0xadf14949fa1775998b99317e3295499997fd4f8a,0
0x9f2ac5907707eee25631caaf6c0ce5fb4b639d11,0
0x6adeb84b308fea82465f01c6924683a9797c7b4c,0
0x74ad9cfeaf105414687ad37b09400e764f409e69,0
0x5f448911f044d700c7fb6f99c4befd9ba3765a72,0
0x9c19e6977a9b0eadd295a835d3a815c84dd8c1b0,0
0x28823cb1fa26d9f7e96a248614e333b1026b890e,0
0xaa93675322210e0a3d71fcc8942847285c13752a,0
0x08661cdf4f46d386bb714c0c08b3cc443f25f4fa,0
0xff8d3981f9385109098799a31bee81591cfbe07e,0
0xef5ed062d3b6362d74095375c918b271bc5294e1,0
0x5ae559d9427e815a30a28ca98b10714cba0675c1,0
0x45e43778a2d6f6fd8c8bf42037d48f14896a06d1,0
0xeb82e18e0e3a22796235deb0aad231ec3a5602dc,0
0x961dbf2ed3620e815888467541163365a0c829c4,0
0x094f804624433f9b901a6f74f599546d502358c7,0
0x012a4f753f0b51ae23d10bcb67855f093bbfdb8f,0
0x17fa0f638e677391151de86247c3d6c238627cde,0
0xbcdfd8b3887293cf817646735e966f8ceec4266b,0
0x1816e8ac280003e2e07e6f4e9d03df9f1dd00e81,0
0x8376ada24aed4cda81448c99cf596af9eb1be0e9,0
0x8113700b3130ff8e326269e6c812f7d82f5921da,0
0xcc2cf5549eff5ca81e904a66d64ac03e29c4eb10,0
0x81b51f34b3b96c2a2c6c32d2e376baeea7387183,0
0x05ca4ceb262e787659afd2232861f392dcf8e5ef,0
0xcb7d999123d8a2cb285a131cad488f285f3a0a27,0
0xeeaaa4f6ada756f6b1c61a7f0219c927a23b84e2,0
0x2794b4fa5cd5f9beee2de6c5576ce1d37d0cf138,0
0x3bf9c21959140d0af59dd351e19f58181ef2ab7b,0
0x33996d7af7ccbd577820db168ccd6a67c29cb70b,0
0x65b6e6879807b0618ad62afe027675af29fa62a1,0
0xf373748d8c9d2bc36e7265c45da501884a27e720,0
0x04677957dabeb71fd1f7315a9aa195567ddea406,0
0xe8411bdda3a0e20ae6c5a4eb23b8b3259bcd6f78,0
0x1d6f81ef8a509fd6feeae08c60bb7914c183dda6,0
0x8ae812b596846f947db9c980ed157924408eb31b,0
0x628c4dcedfb7a4640196c1ad572b1c383950a48b,0
0x106f4260b0ed24fc8b7c8f00e087595e010f3e04,0
0x0a86f805b2f7e129cd59e0b4654c52e7c0daf974,0
0xc3ff11fc768b99c320fcd1c2be35c14c5ab7dda6,0
0x3f313949faa1de089ee16e8ce27f6c4e31ab3776,0
0x84170aad30767eb054c9bdd5d6343aba134fb4cf,0
0x90288fd006107ab167372788b9766cb451a34719,0
0xe829c3cfc28f3c67a748cc7d812f9d6ae4df0fef,0
0xb9cf09be28d1088003f6f5f510371cf66e929fdf,0
0x0e90d7ba89d4b8893c1e62b7c5823682ce82edc0,0
0xc5537b6fffd85e8b1cc6c4ced8fee6761f6ad970,0
0x413dface6b3e8866180577ca225b4d7add2c94b1,0
0xa81c64a4407daad283d895d4ba2380c866bf4051,0
0x3728979a78b157bc21e7aeffaeb6799fc7c4559a,0
0x8780181786418b7351539db6aa92215500287809,0
0x19bde9d1d416f91d159f078cda6f64e9e70297cb,0
0x6c0ea8f53047aff2f0da28bd6b7ac21912179747,0
0x687413d5beb89aa1af6a4a80c5a69c2739b8d023,0
0x0e95f94fc190a3e7e84dfbe46d4c1363bc0d6d04,0
0x0511e74df85a5895c99d1556844487375aea7944,0
0x034ce61670f640e110b9dd3002e9ba5128866647,0
0x1e9d073fb68367c34eb2bb23a6fbdb1b5800dbc9,0
0x615520afa9766e6fa251c3ab13fb9fda5e62648d,0
0x4e026e4957a3d75f6127bd4c67ecefa415354bdc,0
0x36b3687bf28436d83d15ce85a88fad815555d9bc,0
0x971e834776f3fe50aab5b3584cb6ae3a34534f68,0
0x8e31ee655f366b6d25a1db6d0ad9c1bfac13da7e,0
0x6805f2d79c0e000d9da12095bdcbcffd0e1f5088,0
0xb40a4a015103358a43b2d44ef1520fa9f21474a7,0
0x9efd69115c15c433e470a6340aee162779c7f269,0
0x363633194ec1dedc4ac39eb6a1199c7a11a6c882,0
0xcb9314650bc7f1b6ec4afbbc9234930fa500836e,0
0xdaffae9f352844ebbfda1ee5df3e40aa84774518,0
0x34aacb729736a6b6936d029b57fe6ad502bcd029,0
0x64ce0c463269434e6d508f435e47ad2007e2e3fc,0
0x09abcb496fbbcd3f43ebf05e7256114e71feb7e3,2
0xeb4e2db603a39245a1088769b9ff861879e2ffc0,0
0x2001687df3709308881db7916c1cac5b6fbc9b5d,0
0xd42130a1850edcf48990d230a4105c8441e93c18,0
0x2932808a44eea4236e3b88745e6b8270ae6aad4e,0
0xe897885435be4cc85080e1082523335d35eb1068,0
0x34f7b6081fbd87e5bb2443fa40671a18b747d5bb,0
0x50d4d7df5d144330972749171f563aafdf772a29,0
0xbd6a5a4a58b5bf27e0285ca84b779bcc0344c3e5,0
0x46c79cf2728279443a457e096f5838c24e3c440b,0
0x3a505019b6c15a86509c17a8b7d6e609c3640eb6,0
0x7773927468a2b6a47c595b8cbc9668c41f0d4f3b,0
0x4f22dc2122df85d40646d525474a49901616d46f,0
0x1c255bc0c2d56f35d0fbd057b42f2fd2669d92af,0
0x9813ac2199ac88f4151fed8d4c5083c7118b7b6e,0
0xf65b616de21022f389cd531a727091828a2627fa,0
0xc67a110f1922b3eccfe1739431b0325c32199fd3,0
0x0bc486145687ada81da2363ece5708b1b0495a6a,0
0xe26cee2f40cb58a44bcdc9814eda6fc33b75474d,0
0x7c491163023448c820bf87dcfb7a5deb2af9be36,0
0x1a30b85f86db6a7a9c93af7a181d64fd07bab5a9,0
0x6f8971007e12d53bb9d3d8f098f8e0befb3cf485,0
0xa8ab324a6e9d1b008569a0b3df6680c1710cde7e,0
0x60e3ecad867253c5ff7a24fa2e721e2928678232,0
0xd321098934c82cd7820ab070f0f22865bb69fd2a,0
0x13600e23d0aca864667d16286694d32503027def,0
0xaea27cf3af04eec297f4dc72dcebeedf1f6ecacd,0
0x2d546c4363e3dedd593a518765f85cea07158fe7,0
0x5154f7fb20233f21194375ca2af264e32851b192,0
0x3b071b0de8b5fc8fa850aed561f180597fbb3d00,0
0x8b92cf172f1c5f72397e8e1a464bc862efb6e464,0
0x73bdc20fd77dbb86c22c405ed92eebf67ea92de0,0
0x4fbfb894eaba22cf7d9d2cafcf1d3ca4af76d3ff,0
0xb6f1e89f6391b9254a7bad0040fdf456bff4ebfc,0
0x3df0b3427dc5ea8cf6302ad88af0c990a59ecf48,0
0xd68bc841e50498bdb6feaede41f143bf3dee5c20,0
0xeddd16eeaf2ac84f5f107f8b291a039fcb55272b,0
0x9c01ae5a8ef3d07ea04987d2bca28ad82a5711f3,0
0xe7d4a5ca5d492d0a6d679f6fe69e6eab6b497b63,0
0xc2f8c593d19377372c49f4d38b177293c9df4a79,0
0x70684dff6481bfae33000bc468c8c7cb5ed33ab5,0
0x127f7fa0834f1c2c18abe8c28f338f3351eddfbd,0
0x93286ae3e3ce48568dd08ca2431a22237857641f,0
0x7ee67cb5e9eec67d92b3521d0378e09171b9a49b,0
0xbd91870c85a98ad457993e51c353bd21408cd1c5,0
0x16669c1673199362ebbac0846ba718aca54e6f12,0
0x672b7a1b7792b394bf58c5aea4af32d95a3a058e,0
0x0a6fb28bd4e4dbf954b6699723606f2a6ffd71a1,0
0x0c2e22658dcff77091dadb9b8459d8e87442c3d3,0
0xf7d7ef39ac64a4ae0d749369779aedc856b26723,0
0xcfce0379f9f842110be7b0d7a1f9d6915eb36d9b,0
0xbc3f3f36f74e51961e87fb8efd5e81d1e26b51cb,0
0x9ad37670b22d38d7e1f9c72505f549c765726928,0
0x961ecaed69f882e0bf8c844081cc7fbc1bcea8a0,0
0xac444df8f9a788a846df4a1aba2518e5e208bbed,0
0x4934a07d3e0d8b5a78f7f6afe04e1b6333ddf555,0
0x94d3eaffeafbd2e34bf3e8d4744a37efa2daeadd,0
0xc0fd5820af4d10e9a6425626288ece80832bd8fd,0
0xa6a91851827ca7f7a0ba0370b7618936dca1fc21,0
0x2256ea9d2c5d619bedf24159c6bbd134b410cb90,0
0x8db69629f61984d639101ef23a9e3626ad2f1b91,0
0xfb20a405273b0ad705766ffc2ef6a37e66dd3543,0
0xb8c9ab53726086de690df141c38422a6ee44b652,0
0xf4966b8a9c7c7ccad401137e6d05b02447e34bb2,0
0xecfce00ec6ab512e6d8eb468e88c81f11b630840,0
0x6423fad95eff4e517e9920ce8cd5143ff92a10d4,0
0x9accb692748c1b2bded4c5b0002e4b06c19b756e,0
0x1f07b698922b725d71a0512fd8eade99c8163d69,0
0x83c1b86fe033af23cc2d7d9d3a5265450cbdbe65,0
0x168ec479104826a55d193df3d3624bccc7d88427,0
0xe5c106b0f39164f27b44b85de5fd420c01a70a05,0
0xab465a5d45f2fa9114a2d77f5025d16eb2b2add7,0
0xfb5e9f2f844c9cf149751a839da713885bc210ab,0
0x5a5e1ba8357c2b4d6f7830bd5c2d01dffdf06199,0
0x2374c7fbdf59c43de5c1206484ac252acf7e36f2,0
0x9f290da4f4d6cd0b721e01c829a4611f907f3174,0
0xfa7cd5ca58372bb9263671f0f01adf6121a60895,0
0x38a214a1e0e983bb5b95a23b940419d28e8e5458,0
0x5e60e596c2ae39af91d7023a43230d3058ccf045,0
0x58a5a83f4445a871b741e6addf3ed4304553e078,0
0xf172183538a257c160f3f9be528849e9f57c22d7,0
0x2fd63dd4261bdc8ff52035371394ca3cd8bccee4,0
0x8a27882db5843b6ccca9c14da58c8f3185bd11a1,0
0xa73d486e4e4c9a3a102393de2883ede1fbef97a5,200065
0x7009607cfdc37155861d04f605408b832b1b86af,0
0xe473205ec995761cdcd3e5017129cf571046aff6,0
0xfe6898798f0a22861219b9381eaa330320f64e76,0
0x2e1918590ea2333116d3ca63c584afa08fa1ec02,0
0x45e4b2faee6192b41b7e50c0697e0a46f38240b9,0
0xb750d4ba75538e91e3778a5610b0c987440d130d,0
0x703ddac27dc0e1e14892a73f06cb968e300bc614,0
0x511af5794836ee269f387d9c351aa6e8bbe89f9a,0
0xa75f76aaf35e2ea4485d85c90058ea9f8a8efb61,0
0xcf3a09fc16ac09c5717701af6b757b96c2323ce5,0
0xce024fb76bc605440faddafc867e0794682f452a,0
0x733204251677e978509fd6c1ae477e1888635431,0
0x332176f11126c79a59563306c4e37e80898da9ff,0
0xd88cc4c8155248bca0e784bd2e04d51187643e27,0
0x36ae69e04e134a7053f2a93e91a819101c559e49,0
0x63c24725560d8f30a6ddeb03e77db50506aef584,0
0xbb5624089d196d674e1e98c87ff35f6fce7230ef,0
0xb495367a6779767ed508b08d2e280d66b9108f42,0
0x99dd1f692ae281c2e712e6e78c35edfd82066fb1,0
0xe5ac15b8c5312bc9eef0bcf39bfce589b881e355,0
0x8fbb1f01ea1097ada87de8be59c1f910536f0150,0
0x9a89cbb7b16148635fd40fdc9e9e412151dc2c88,0
0x0df40a61a74d6af01f169718e8ea1383c1c59f27,0
0xc31072765bc8c7825ea169c43b4cf4f11d55154f,0
0xa0d66fd1628151b0422d468858f03d956683b72e,0
0xbcc1903bca99a0ed589aea5b5d6061af0be9d01b,0
0x4396483acd7403a899df12ab5568c7c36371443f,0
0x7f49e6d04bd4f957f8194cf9f4c269d99aafba32,0
0xf035c971aed8bec4d516cfa92673e37118062973,0
0x2563de92dc35abc6081c7d3cb358cff211feae46,0
0x9a208d52e83619a11c390a599a6bcef488704487,0
0x891b3283279625da43358338e739aee9bfa3df97,0
0x9d8ea7d64cd53e4a028d4e22217c7332d78428bc,0
0xb849d360613889bb6e1f95239186b1c82b136afb,0
0x1f1e8d095f17e4776ae41992901e92ce74573128,0
0x41ee42a8d91f231361f7d79a286321efdfa1dc63,0
0x5a134ca2b10d574d787613b23cad855edc92427d,0
0x830d0ec42611fbb1d99e654932c7db4789a60219,0
0x24ae52c779e278bcd649719acd879ae351926841,0
0x5bc73be46993ce16449ee36f9eafa8bfc551252c,0
0x96db2a72f604b28a6d683cc55c141ac2293e5961,0
0x9fff0e690cb32268d038a8dbc99f419137cd4bf8,0
0x9eb377ca56a3d8eec9597597ba8c4777d81a8321,0
0xaf27a3560fa3b93b8838923b02fd9887e45625cc,0
0x0a2213a09e2469edb2f54053703591cba3123f24,0
0xc9f12f88e02abe0eb2c6e8c8cf8054944ed35a43,0
0x47a5244e98b01dc4332895809efb99f5fbda9dd0,0
0xccb02d88bac4d98a36c7ba8dd3fe0d01cc658c2f,0
0xd8f623f61e657eb8feebcd6d1ce151de9dc17a9c,0
0xc15a318ba28c427e6ba7c0015cc2454439b91140,0
0xb935c90deb4874a7d66b8969585cc61f1ca0f2cf,0
0x67e773d89559b72eb1a058852b5cd0d854cc8b29,0
0x4fe92a930621acbd18943e681ed510f4ecc31303,0
0x4c28948adfd569b5d1e637e3f81ab3502da9b197,0
0x3cb724134a698acf8bd0b0983ec1242ddfed0cd9,0
0x3a3517f257acc7e818a135d555014c8701e1e0c8,0
0x021d0fd07d93aeb6cbc1ca459abb3b789a80f516,0
0xd416c8b3b037e4858bc0739b7a17d2d9a39fc76f,0
0xbcb89817e39fe09246bd97623829e70e4d8d70aa,0
0xe66e949bab034979489765ca7875fcb000fc25a9,0
0x201414ec12b14649003ab55db4c65c965d852c1f,0
0x1408ea5d7fbf3e29c0da1825897b5e916b393433,0
0xb69b3e7194f75c67ed3b5a9fe7a45bba9952586a,0
0x0432ab9f832da5941fb6e4a4ce083e28113ae99f,0
0xbf8f64b62025fc89120f6ce457af8e073b170671,0
0x3952fe747d6967b3cf53a84593a95114e7de3201,47000000
